Height,Weight,FAVC,SCC,FAF,Category
1.62,64.0,no,no,0.0,Underweight
1.52,56.0,no,yes,3.0,Overweight
1.8,77.0,no,no,2.0,Overweight
1.8,87.0,no,no,2.0,Overweight
1.78,89.8,no,no,0.0,Normal
1.62,53.0,yes,no,0.0,Underweight
1.5,55.0,yes,no,1.0,Underweight
1.64,53.0,no,no,3.0,Overweight
1.78,64.0,yes,no,1.0,Overweight
1.72,68.0,yes,no,1.0,Underweight
1.85,105.0,yes,no,2.0,Normal
1.72,80.0,yes,yes,2.0,Overweight
1.65,56.0,no,no,2.0,Overweight
1.8,99.0,yes,no,2.0,Normal
1.77,60.0,yes,no,1.0,Overweight
1.7,66.0,no,yes,2.0,Overweight
1.93,102.0,yes,no,1.0,Normal
1.53,78.0,yes,no,0.0,Underweight
1.71,82.0,yes,no,0.0,Underweight
1.65,70.0,no,no,0.0,Underweight
1.65,80.0,no,no,3.0,Overweight
1.69,87.0,yes,no,0.0,Underweight
1.65,60.0,yes,no,1.0,Underweight
1.6,82.0,yes,no,0.0,Underweight
1.85,68.0,yes,no,0.0,Normal
1.6,50.0,no,no,3.0,Overweight
1.7,65.0,yes,no,1.0,Underweight
1.6,52.0,yes,no,2.0,Overweight
1.75,76.0,yes,yes,3.0,Overweight
1.68,70.0,yes,no,2.0,Overweight
1.77,83.0,yes,no,0.0,Underweight
1.58,68.0,no,no,1.0,Underweight
1.77,76.0,no,no,1.0,Overweight
1.79,90.0,no,no,0.0,Normal
1.65,62.0,yes,no,2.0,Overweight
1.5,65.0,no,no,2.0,Overweight
1.56,49.0,yes,yes,2.0,Overweight
1.6,48.0,yes,no,1.0,Underweight
1.65,67.0,yes,no,1.0,Underweight
1.75,88.0,yes,no,3.0,Overweight
1.67,75.0,yes,no,1.0,Underweight
1.68,60.0,no,no,0.0,Underweight
1.66,64.0,yes,no,0.0,Underweight
1.66,62.0,yes,no,1.0,Underweight
1.81,80.0,no,no,2.0,Overweight
1.53,65.0,no,no,0.0,Underweight
1.82,72.0,yes,no,2.0,Overweight
1.75,72.0,yes,no,2.0,Overweight
1.66,60.0,no,no,1.0,Underweight
1.55,50.0,yes,no,0.0,Underweight
1.61,54.5,yes,no,0.0,Underweight
1.5,44.0,yes,no,0.0,Underweight
1.64,52.0,yes,no,2.0,Overweight
1.63,55.0,no,yes,2.0,Overweight
1.6,55.0,no,no,2.0,Overweight
1.68,62.0,no,no,0.0,Underweight
1.7,70.0,yes,no,0.0,Underweight
1.64,65.0,no,no,0.0,Underweight
1.65,67.0,yes,no,1.0,Underweight
1.76,55.0,yes,no,2.0,Overweight
1.55,49.0,yes,no,3.0,Overweight
1.65,58.0,yes,no,3.0,Overweight
1.67,62.0,yes,no,0.0,Underweight
1.68,55.0,yes,no,0.0,Underweight
1.66,57.0,yes,no,1.0,Underweight
1.62,69.0,yes,no,0.0,Underweight
1.8,90.0,yes,no,0.0,Normal
1.65,95.0,yes,no,0.0,Underweight
1.76,112.0,yes,yes,0.0,Normal
1.8,60.0,no,no,0.0,Underweight
1.65,80.0,yes,no,0.0,Underweight
1.67,50.0,no,yes,2.0,Overweight
1.65,60.0,no,yes,1.0,Underweight
1.85,65.0,no,no,2.0,Overweight
1.7,85.0,yes,no,0.0,Underweight
1.63,45.0,no,yes,2.0,Overweight
1.6,45.0,no,no,1.0,Underweight
1.7,80.0,yes,no,0.0,Underweight
1.65,90.0,yes,no,0.0,Underweight
1.65,60.0,no,no,0.0,Underweight
1.63,58.0,no,yes,0.0,Underweight
1.8,91.0,yes,no,0.0,Normal
1.67,85.5,yes,no,0.0,Underweight
1.6,45.0,no,yes,2.0,Overweight
1.7,83.0,yes,no,0.0,Underweight
1.65,58.5,no,no,0.0,Underweight
1.85,83.0,yes,no,1.0,Normal
1.82,87.0,yes,no,0.0,Normal
1.65,65.0,yes,yes,1.0,Underweight
1.7,78.0,yes,no,2.0,Overweight
1.63,93.0,no,no,2.0,Overweight
1.61,64.0,no,yes,0.0,Underweight
1.78,84.0,no,yes,3.0,Overweight
1.6,57.0,no,no,1.0,Underweight
1.6,48.0,yes,no,2.0,Overweight
1.7,70.0,no,no,2.0,Overweight
1.66,60.0,no,no,3.0,Overweight
1.52,42.0,no,no,0.0,Underweight
1.52,42.0,no,no,0.0,Underweight
1.72,70.0,no,no,3.0,Overweight
1.69,63.0,yes,no,0.0,Underweight
1.7,66.4,no,no,0.0,Underweight
1.55,57.0,yes,yes,2.0,Overweight
1.65,58.0,yes,no,1.0,Underweight
1.56,80.0,yes,no,0.0,Underweight
1.57,55.0,yes,no,2.0,Overweight
1.57,55.0,yes,no,2.0,Overweight
1.88,90.0,yes,no,0.0,Normal
1.75,95.0,no,no,3.0,Overweight
1.65,88.0,yes,no,2.0,Overweight
1.75,75.0,yes,no,0.0,Underweight
1.58,58.0,yes,no,0.0,Underweight
1.56,51.0,yes,no,1.0,Underweight
1.5,49.0,no,no,3.0,Overweight
1.61,62.0,yes,no,1.0,Underweight
1.75,57.0,yes,no,0.0,Underweight
1.65,86.0,yes,no,3.0,Overweight
1.7,85.0,no,no,1.0,Underweight
1.62,53.0,yes,no,1.0,Underweight
1.63,76.0,no,no,2.0,Overweight
1.67,75.0,yes,no,0.0,Underweight
1.87,95.0,yes,no,0.0,Normal
1.75,50.0,no,no,1.0,Overweight
1.66,67.0,yes,no,1.0,Underweight
1.76,90.0,yes,no,0.0,Underweight
1.75,80.0,yes,no,0.0,Underweight
1.67,68.0,yes,no,1.0,Underweight
1.65,61.0,yes,yes,1.0,Underweight
1.72,70.0,yes,no,0.0,Underweight
1.7,78.0,yes,no,1.0,Underweight
1.58,53.0,yes,no,1.0,Underweight
1.62,58.0,no,no,1.0,Underweight
1.65,56.0,yes,yes,1.0,Underweight
1.65,66.0,yes,no,1.0,Underweight
1.77,109.0,yes,no,2.0,Normal
1.7,75.0,yes,no,1.0,Underweight
1.79,72.0,yes,no,1.0,Overweight
1.6,80.0,no,no,0.0,Underweight
1.76,75.0,no,yes,3.0,Overweight
1.7,68.0,yes,no,0.0,Underweight
1.89,65.0,yes,no,1.0,Normal
1.87,66.0,yes,no,2.0,Overweight
1.74,93.5,yes,no,1.0,Normal
1.68,75.0,yes,no,0.0,Underweight
1.61,67.0,no,yes,2.0,Overweight
1.62,70.0,yes,no,1.0,Underweight
1.56,51.0,no,no,2.0,Overweight
1.63,80.0,no,no,0.0,Underweight
1.6,61.0,yes,no,0.0,Underweight
1.67,90.0,yes,no,2.0,Overweight
1.78,78.0,yes,no,2.0,Overweight
1.62,59.0,yes,no,2.0,Overweight
1.5,60.0,yes,no,0.0,Underweight
1.69,84.0,no,no,2.0,Overweight
1.74,94.0,yes,no,0.0,Underweight
1.68,63.0,yes,no,1.0,Underweight
1.53,45.0,no,no,0.0,Underweight
1.67,60.0,yes,no,2.0,Overweight
1.55,62.0,no,no,0.0,Underweight
1.64,78.0,yes,no,0.0,Underweight
1.83,72.0,no,no,2.0,Overweight
1.65,80.0,yes,no,1.0,Underweight
1.63,60.0,yes,no,2.0,Overweight
1.89,75.0,no,yes,3.0,Overweight
1.77,85.0,no,no,2.0,Overweight
1.92,130.0,no,no,1.0,Normal
1.74,72.0,no,no,0.0,Underweight
1.65,80.0,no,no,1.0,Underweight
1.73,79.0,yes,no,1.0,Underweight
1.63,77.0,yes,no,0.0,Underweight
1.72,82.0,yes,no,2.0,Overweight
1.6,58.0,yes,no,1.0,Underweight
1.65,59.0,no,no,1.0,Underweight
1.74,64.0,no,yes,0.0,Underweight
1.62,70.0,yes,no,1.0,Underweight
1.64,59.8,yes,no,2.0,Overweight
1.57,48.0,yes,no,1.0,Underweight
1.84,84.0,yes,yes,3.0,Overweight
1.91,84.0,yes,no,2.0,Normal
1.62,70.0,yes,no,1.0,Underweight
1.58,48.0,yes,no,1.0,Underweight
1.68,67.0,yes,no,0.0,Underweight
1.68,52.0,yes,no,0.0,Underweight
1.48,60.0,yes,no,0.0,Underweight
1.62,70.0,yes,no,1.0,Underweight
1.62,68.0,no,no,1.0,Underweight
1.78,96.0,no,no,1.0,Normal
1.78,98.0,no,no,3.0,Overweight
1.78,105.0,yes,no,3.0,Overweight
1.63,62.0,yes,no,1.0,Underweight
1.6,56.0,yes,no,1.0,Underweight
1.75,80.0,yes,yes,2.0,Overweight
1.83,85.0,no,yes,3.0,Overweight
1.78,68.0,no,yes,2.0,Overweight
1.6,83.0,yes,no,3.0,Overweight
1.8,85.0,yes,no,1.0,Normal
1.75,74.0,no,no,1.0,Overweight
1.75,118.0,yes,no,0.0,Normal
1.59,40.0,yes,no,0.0,Underweight
1.66,60.0,yes,no,1.0,Underweight
1.63,83.0,no,no,1.0,Underweight
1.54,80.0,yes,no,0.0,Underweight
1.56,102.0,yes,no,0.0,Underweight
1.69,90.0,no,no,1.0,Underweight
1.83,71.0,yes,no,3.0,Overweight
1.6,78.0,yes,no,1.0,Underweight
1.75,100.0,yes,no,2.0,Overweight
1.75,73.0,no,yes,1.0,Overweight
1.69,65.0,yes,no,1.0,Underweight
1.69,65.0,yes,no,1.0,Underweight
1.8,114.0,yes,no,0.0,Normal
1.63,51.0,yes,no,1.0,Underweight
1.5,63.0,no,no,0.0,Underweight
1.8,62.0,yes,no,1.0,Overweight
1.65,53.0,yes,no,1.0,Underweight
1.68,70.0,yes,no,0.0,Underweight
1.6,63.0,no,no,3.0,Overweight
1.71,75.0,no,yes,3.0,Overweight
1.5,42.3,no,no,3.0,Overweight
1.6,68.0,yes,no,1.0,Underweight
1.75,78.0,no,yes,0.0,Underweight
1.72,82.0,yes,no,1.0,Underweight
1.72,66.5,yes,no,0.0,Underweight
1.61,63.0,yes,no,1.0,Underweight
1.63,82.0,yes,no,0.0,Underweight
1.83,121.0,no,no,2.0,Normal
1.6,50.0,yes,no,0.0,Underweight
1.62,58.0,yes,no,1.0,Underweight
1.68,80.0,no,no,0.0,Underweight
1.75,120.0,no,no,0.0,Normal
1.9,91.0,yes,no,2.0,Normal
1.63,66.0,yes,no,0.0,Underweight
1.59,50.0,no,yes,2.0,Overweight
1.68,77.0,no,no,1.0,Underweight
1.59,49.0,yes,no,2.0,Overweight
1.69,70.0,no,no,2.0,Overweight
1.66,59.0,yes,yes,3.0,Overweight
1.64,53.0,yes,no,1.0,Underweight
1.62,53.0,yes,no,1.0,Underweight
1.7,64.0,yes,yes,3.0,Overweight
1.63,65.0,yes,no,1.0,Underweight
1.6,66.0,yes,no,3.0,Overweight
1.63,64.0,yes,no,0.0,Underweight
1.85,99.0,yes,no,1.0,Normal
1.54,49.0,no,yes,2.0,Overweight
1.64,49.0,no,no,2.0,Overweight
1.57,60.0,yes,no,0.0,Underweight
1.62,52.0,yes,no,3.0,Overweight
1.72,72.0,yes,yes,3.0,Overweight
1.76,78.0,yes,no,3.0,Overweight
1.65,75.0,yes,no,1.0,Underweight
1.67,78.0,no,no,0.0,Underweight
1.79,90.0,no,no,1.0,Normal
1.59,47.0,yes,no,0.0,Underweight
1.64,56.0,no,no,0.0,Underweight
1.78,81.0,no,no,3.0,Overweight
1.75,85.0,no,no,1.0,Normal
1.85,115.0,no,yes,1.0,Normal
1.7,80.0,no,no,1.0,Underweight
1.67,91.0,yes,no,0.0,Underweight
1.72,75.0,yes,no,1.0,Underweight
1.7,73.0,no,yes,2.0,Overweight
1.74,70.0,yes,no,1.0,Underweight
1.74,53.0,yes,no,3.0,Overweight
1.87,67.0,yes,yes,1.0,Normal
1.7,50.0,yes,no,2.0,Overweight
1.65,50.0,yes,no,0.0,Underweight
1.7,78.0,yes,no,0.0,Underweight
1.67,60.0,no,no,0.0,Underweight
1.72,66.0,yes,no,0.0,Underweight
1.82,107.0,yes,no,0.0,Normal
1.5,50.0,yes,no,0.0,Underweight
1.7,60.0,yes,no,2.0,Overweight
1.71,71.0,yes,no,0.0,Underweight
1.61,61.0,no,no,2.0,Overweight
1.5,50.0,yes,no,0.0,Underweight
1.67,50.0,yes,no,1.0,Underweight
1.82,67.0,yes,no,3.0,Overweight
1.57,57.0,yes,no,0.0,Underweight
1.79,52.0,no,no,1.0,Overweight
1.75,62.0,yes,no,0.0,Underweight
1.7,55.0,yes,no,0.0,Underweight
1.62,55.0,yes,no,1.0,Underweight
1.69,60.0,no,no,2.0,Overweight
1.77,70.0,yes,no,1.0,Overweight
1.79,105.0,yes,no,0.0,Normal
1.6,61.0,yes,no,1.0,Underweight
1.6,58.0,yes,no,3.0,Overweight
1.56,51.0,yes,no,0.0,Underweight
1.88,79.0,no,no,3.0,Overweight
1.82,71.0,yes,no,2.0,Overweight
1.8,58.0,yes,no,2.0,Overweight
1.7,65.0,yes,no,1.0,Underweight
1.82,75.0,no,no,1.0,Normal
1.86,110.0,yes,no,1.0,Normal
1.66,58.0,no,no,0.0,Underweight
1.53,53.0,yes,no,2.0,Overweight
1.74,80.0,no,no,2.0,Overweight
1.8,80.0,yes,no,0.0,Underweight
1.7,75.0,yes,no,1.0,Underweight
1.7,70.0,yes,no,0.0,Underweight
1.72,55.0,yes,no,2.0,Overweight
1.84,45.0,yes,no,3.0,Overweight
1.57,49.0,yes,no,0.0,Underweight
1.8,85.0,no,no,2.0,Overweight
1.75,120.0,yes,no,2.0,Normal
1.56,60.0,yes,no,0.0,Underweight
1.59,48.0,yes,no,0.0,Underweight
1.8,75.0,yes,no,2.0,Overweight
1.66,58.0,no,no,0.0,Underweight
1.79,57.0,yes,no,2.0,Overweight
1.72,62.0,yes,no,3.0,Overweight
1.6,57.0,yes,no,3.0,Overweight
1.66,56.0,yes,no,1.0,Underweight
1.65,63.0,yes,no,1.0,Underweight
1.7,72.0,yes,no,0.0,Underweight
1.75,75.0,no,no,2.0,Overweight
1.75,70.0,yes,no,1.0,Overweight
1.56,45.0,yes,no,0.0,Underweight
1.55,63.0,yes,no,0.0,Underweight
1.67,67.0,yes,no,1.0,Underweight
1.75,75.0,no,no,3.0,Overweight
1.75,56.0,no,no,2.0,Overweight
1.8,72.0,yes,no,3.0,Overweight
1.65,71.0,yes,no,0.0,Underweight
1.55,58.0,yes,no,1.0,Underweight
1.7,55.3,yes,no,3.0,Overweight
1.72,76.0,no,no,0.0,Underweight
1.74,74.0,no,no,3.0,Overweight
1.65,82.0,yes,no,0.0,Underweight
1.8,50.0,yes,no,2.0,Overweight
1.74,56.0,yes,no,2.0,Overweight
1.85,75.0,yes,no,1.0,Normal
1.7,56.0,no,yes,3.0,Overweight
1.45,53.0,yes,yes,1.0,Underweight
1.7,50.0,yes,no,2.0,Overweight
1.7,65.0,yes,no,0.0,Underweight
1.78,64.4,yes,no,3.0,Overweight
1.6,65.0,yes,yes,1.0,Underweight
1.53,42.0,no,yes,2.0,Overweight
1.8,72.0,yes,no,1.0,Overweight
1.6,50.0,no,no,0.0,Underweight
1.74,105.0,yes,no,1.0,Normal
1.65,66.0,no,no,3.0,Overweight
1.87,173.0,yes,no,2.0,Normal
1.7,55.0,yes,no,3.0,Overweight
1.54,47.0,no,no,2.0,Overweight
1.8,97.0,yes,no,1.0,Normal
1.82,80.0,yes,no,3.0,Overweight
1.98,125.0,yes,no,1.0,Normal
1.75,70.0,no,no,3.0,Overweight
1.65,60.0,no,no,2.0,Overweight
1.6,53.0,yes,no,2.0,Overweight
1.6,51.0,yes,no,0.0,Underweight
1.6,59.0,yes,no,1.0,Underweight
1.55,62.0,yes,no,1.0,Underweight
1.9,60.0,no,no,3.0,Overweight
1.7,56.0,yes,no,1.0,Underweight
1.75,110.0,no,no,1.0,Normal
1.56,48.0,no,no,1.0,Underweight
1.87,75.0,yes,no,1.0,Normal
1.56,80.0,yes,no,2.0,Overweight
1.65,73.0,no,no,1.0,Underweight
1.8,80.0,yes,no,2.0,Overweight
1.84,86.0,yes,no,2.0,Overweight
1.7,68.0,yes,no,0.0,Underweight
1.72,83.0,yes,no,3.0,Overweight
1.58,63.0,yes,no,3.0,Overweight
1.68,83.0,yes,no,0.0,Underweight
1.58,74.0,no,no,3.0,Overweight
1.8,60.0,yes,no,1.0,Overweight
1.62,69.0,yes,yes,1.0,Underweight
1.62,58.0,yes,no,0.0,Underweight
1.54,56.0,yes,no,0.0,Underweight
1.76,70.0,yes,no,2.0,Overweight
1.8,92.0,yes,no,1.0,Normal
1.58,60.0,no,no,2.0,Overweight
1.76,68.0,no,no,1.0,Overweight
1.73,70.0,yes,no,2.0,Overweight
1.7,70.0,yes,no,0.0,Underweight
1.7,83.0,yes,yes,3.0,Overweight
1.8,75.0,yes,no,2.0,Overweight
1.6,56.0,no,no,0.0,Underweight
1.7,98.0,no,no,0.0,Underweight
1.6,60.0,yes,yes,0.0,Underweight
1.55,45.0,yes,no,1.0,Underweight
1.59,53.0,no,no,1.0,Underweight
1.5,75.0,yes,no,0.0,Underweight
1.78,108.0,no,no,1.0,Normal
1.61,65.0,yes,no,0.0,Underweight
1.71,50.0,yes,no,0.0,Underweight
1.7,50.0,no,no,0.0,Underweight
1.76,69.5,no,no,2.0,Overweight
1.7,78.0,yes,no,0.0,Underweight
1.53,55.0,yes,no,0.0,Underweight
1.54,39.0,yes,no,3.0,Overweight
1.55,59.0,no,no,2.0,Overweight
1.66,60.0,yes,no,0.0,Underweight
1.85,125.0,yes,no,0.0,Normal
1.65,60.0,no,no,0.0,Underweight
1.65,70.0,no,no,0.0,Underweight
1.83,82.0,yes,no,1.0,Normal
1.83,99.0,yes,no,2.0,Normal
1.66,112.0,no,no,0.0,Underweight
1.78,73.0,yes,no,3.0,Overweight
1.74,86.0,no,no,3.0,Overweight
1.76,66.5,no,no,3.0,Overweight
1.51,59.0,yes,no,1.0,Underweight
1.81,79.0,no,no,0.0,Underweight
1.55,55.0,yes,no,2.0,Overweight
1.83,66.0,no,no,1.0,Overweight
1.6,65.0,no,yes,0.0,Underweight
1.85,85.0,yes,no,1.0,Normal
1.75,85.0,no,yes,1.0,Normal
1.83,113.0,yes,no,1.0,Normal
1.71,72.0,yes,no,2.0,Overweight
1.84,88.0,yes,yes,2.0,Overweight
1.77,87.0,yes,no,1.0,Normal
1.7,90.0,yes,no,2.0,Overweight
1.62,89.0,yes,no,0.0,Underweight
1.85,60.0,yes,yes,2.0,Overweight
1.84,60.0,yes,yes,2.0,Overweight
1.75,58.0,yes,no,2.0,Overweight
1.85,93.0,yes,no,1.0,Normal
1.74,76.0,no,no,0.0,Underweight
1.61,53.8,yes,no,2.0,Overweight
1.75,70.0,no,no,1.0,Overweight
1.67,60.0,yes,no,3.0,Overweight
1.7,69.0,yes,no,2.0,Overweight
1.9,80.0,yes,yes,1.0,Normal
1.65,85.0,yes,no,1.0,Underweight
1.6,55.0,yes,no,2.0,Overweight
1.8,70.0,yes,no,2.0,Overweight
1.64,59.0,yes,no,1.0,Underweight
1.89,87.0,yes,no,3.0,Overweight
1.76,80.0,yes,no,3.0,Overweight
1.56,55.0,yes,no,0.0,Underweight
1.6,56.0,yes,no,1.0,Underweight
1.67,64.0,yes,no,2.0,Overweight
1.6,60.0,yes,no,0.0,Underweight
1.55,56.0,yes,no,0.0,Underweight
1.55,50.0,yes,no,1.0,Underweight
1.72,65.0,yes,no,0.0,Underweight
1.72,53.0,yes,no,0.0,Underweight
1.7,60.0,yes,no,2.0,Overweight
1.51,45.0,yes,no,3.0,Overweight
1.83,82.0,yes,no,2.0,Overweight
1.8,87.0,yes,no,2.0,Overweight
1.6,100.5,yes,no,0.0,Underweight
1.63,63.0,yes,no,2.0,Overweight
1.71,71.0,yes,no,1.0,Underweight
1.7,65.0,no,no,1.0,Underweight
1.75,69.0,no,no,2.0,Overweight
1.62,50.0,yes,no,0.0,Underweight
1.68,68.0,yes,no,1.0,Underweight
1.85,66.0,yes,no,1.0,Overweight
1.59,60.0,yes,no,0.0,Underweight
1.5,45.0,yes,no,0.0,Underweight
1.69,60.0,yes,no,1.0,Underweight
1.76,79.0,yes,no,1.0,Normal
1.62,55.0,yes,no,1.0,Underweight
1.71,100.0,yes,no,0.0,Underweight
1.72,88.0,yes,no,0.0,Underweight
1.8,68.0,no,no,2.0,Overweight
1.93,86.0,no,no,2.0,Normal
1.6,51.0,yes,no,1.0,Underweight
1.74,75.0,yes,no,1.0,Underweight
1.74,75.0,yes,no,1.0,Underweight
1.62,45.0,yes,no,1.0,Underweight
1.54,42.0,yes,no,0.0,Underweight
1.56,51.5,yes,no,3.0,Overweight
1.6,83.0,yes,yes,1.0,Underweight
1.54,71.0,no,no,1.0,Underweight
1.63,51.0,yes,no,1.0,Underweight
1.78,64.0,yes,no,1.0,Overweight
1.62,68.0,no,no,0.0,Underweight
1.71,75.0,yes,no,1.0,Underweight
1.64,56.0,yes,yes,1.0,Underweight
1.69,65.0,yes,no,1.0,Underweight
1.58,50.0,yes,no,1.0,Underweight
1.57,50.0,yes,no,0.0,Underweight
1.74,64.0,yes,yes,2.0,Overweight
1.58,53.5,yes,no,1.0,Underweight
1.5,58.0,yes,no,0.0,Underweight
1.65,80.0,yes,no,0.0,Underweight
1.8,73.0,yes,no,3.0,Overweight
1.75,75.0,yes,no,1.0,Overweight
1.84,104.0,no,no,3.0,Overweight
1.88,84.0,yes,no,2.0,Overweight
1.56,50.0,yes,no,0.0,Underweight
1.75,84.0,yes,yes,1.0,Normal
1.66,68.0,yes,no,1.0,Underweight
1.7,86.0,yes,no,0.0,Underweight
1.8,65.0,yes,no,2.0,Overweight
1.67,66.0,yes,no,0.0,Underweight
1.8,60.0,yes,yes,0.0,Underweight
1.72,53.0,yes,no,0.0,Underweight
1.56,45.0,no,no,1.0,Underweight
1.69,104.57,yes,no,0.32000000000000006,Underweight
1.68,126.67,yes,no,1.54,Normal
1.62,110.79,yes,no,0.0,Underweight
1.76,137.8,yes,no,1.98,Normal
1.84,165.06,yes,no,0.09999999999999998,Normal
1.75,133.03,yes,no,1.59,Normal
1.63,111.49,yes,no,0.0,Underweight
1.63,104.83,yes,no,0.0,Underweight
1.77,133.96,yes,no,1.4,Normal
1.74,54.93000000000001,yes,no,1.68,Overweight
1.77,55.7,yes,no,2.0,Overweight
1.75,55.879999999999995,yes,no,2.0,Overweight
1.68,51.15,yes,no,1.98,Overweight
1.67,49.87,yes,no,2.0,Overweight
1.71,51.97,yes,no,2.21,Overweight
1.6,44.85,no,no,1.32,Underweight
1.6,42.85,no,no,0.9,Underweight
1.57,43.92,no,no,0.6,Underweight
1.59,43.09,no,no,0.12,Underweight
1.6,44.58,no,no,0.35,Underweight
1.6,45.0,no,no,1.68,Overweight
1.69,45.0,yes,yes,2.54,Overweight
1.56,42.34,yes,yes,0.19999999999999996,Underweight
1.56,42.1,yes,yes,1.6,Overweight
1.57,41.32,yes,no,0.0,Underweight
1.52,42.0,yes,no,0.0,Underweight
1.55,44.64,yes,no,0.75,Underweight
1.52,42.0,yes,no,0.0,Underweight
1.53,42.0,yes,no,0.0,Underweight
1.52,42.0,yes,no,0.0,Underweight
1.73,50.89,no,no,0.42999999999999994,Underweight
1.72,50.83,no,no,0.55,Underweight
1.73,50.0,no,no,1.3,Overweight
1.88,64.11,yes,no,1.49,Overweight
1.85,63.61,yes,no,1.23,Overweight
1.84,58.85,yes,no,1.66,Overweight
1.76,52.0,yes,no,0.66,Underweight
1.71,51.6,yes,no,0.54,Underweight
1.69,52.0,yes,no,0.82,Underweight
1.59,41.45,yes,no,0.18999999999999995,Underweight
1.58,41.89,yes,no,0.0,Underweight
1.56,41.4,yes,no,0.0,Underweight
1.67,49.74,no,no,2.0,Overweight
1.69,49.66,no,no,1.9,Overweight
1.66,49.04,no,no,1.07,Underweight
1.71,50.29,yes,no,1.64,Overweight
1.76,53.7,yes,no,2.87,Overweight
1.73,51.44,yes,no,0.62,Underweight
1.66,49.84,yes,no,2.0,Overweight
1.7,50.0,yes,no,2.0,Overweight
1.66,49.93,yes,no,2.0,Overweight
1.61,49.52,yes,no,0.82,Underweight
1.64,46.66,yes,no,1.44,Overweight
1.65,49.84,yes,no,0.10999999999999999,Underweight
1.71,51.59,yes,no,0.29000000000000004,Underweight
1.75,50.0,yes,no,1.93,Overweight
1.69,52.63,yes,no,0.99,Underweight
1.75,51.46,yes,no,1.25,Overweight
1.78,50.87,yes,no,0.52,Underweight
1.76,52.33,yes,no,0.28,Underweight
1.84,58.94,yes,no,2.0,Overweight
1.77,57.79,yes,no,2.0,Overweight
1.78,57.14999999999999,yes,no,2.0,Overweight
1.64,43.37,yes,no,2.6,Overweight
1.58,44.41,yes,no,2.24,Overweight
1.82,47.12,yes,no,2.46,Overweight
1.79,59.68000000000001,yes,no,2.0,Overweight
1.81,58.97,yes,no,2.0,Overweight
1.77,55.7,yes,no,2.0,Overweight
1.7,54.99000000000001,yes,no,0.14,Underweight
1.76,55.01,yes,no,2.0,Overweight
1.74,54.17,yes,no,2.0,Overweight
1.74,49.65,yes,no,2.0,Overweight
1.65,49.6,yes,no,2.0,Overweight
1.77,49.6,yes,no,2.0,Overweight
1.7,50.0,yes,no,0.65,Underweight
1.7,49.68,yes,no,2.0,Overweight
1.74,50.0,yes,no,2.0,Overweight
1.59,42.37,no,no,1.52,Overweight
1.53,42.0,no,no,1.37,Underweight
1.53,42.0,no,no,0.26,Underweight
1.85,59.41,yes,no,2.78,Overweight
1.82,59.3,yes,no,2.35,Overweight
1.86,59.260000000000005,yes,no,2.04,Overweight
1.72,50.0,yes,no,0.87,Underweight
1.68,49.95,yes,no,0.63,Underweight
1.72,51.07,yes,no,2.2,Overweight
1.71,50.0,yes,no,0.06999999999999995,Underweight
1.7,50.0,yes,no,0.029999999999999916,Underweight
1.7,50.0,yes,no,0.62,Underweight
1.57,39.85,yes,no,0.68,Underweight
1.53,39.37,yes,no,2.31,Overweight
1.53,40.34,yes,no,0.14,Underweight
1.77,56.31,yes,no,2.0,Overweight
1.88,60.0,yes,no,2.01,Overweight
1.82,58.62,yes,no,2.0,Overweight
1.84,60.0,yes,no,2.0,Overweight
1.82,58.33,yes,no,2.0,Overweight
1.8,59.61,yes,no,2.0,Overweight
1.71,50.93,yes,no,0.0,Underweight
1.71,51.12,yes,no,0.0,Underweight
1.72,51.15,yes,no,0.52,Underweight
1.56,44.19,no,yes,1.07,Underweight
1.6,45.0,no,yes,1.6,Overweight
1.6,45.0,no,yes,1.26,Underweight
1.54,42.0,yes,no,0.0,Underweight
1.54,42.0,yes,no,1.24,Underweight
1.52,42.0,yes,no,0.0,Underweight
1.72,51.73,yes,no,0.22999999999999998,Underweight
1.75,54.12,yes,no,1.84,Overweight
1.7,50.16,yes,no,0.83,Underweight
1.75,55.0,yes,no,1.95,Overweight
1.67,49.98,yes,no,0.95,Underweight
1.59,44.05,no,no,1.97,Overweight
1.58,44.38,no,no,1.0,Underweight
1.6,45.0,no,yes,1.3,Underweight
1.55,41.56,yes,no,0.0,Underweight
1.53,41.97,yes,no,0.0,Underweight
1.73,49.82,no,no,1.55,Overweight
1.87,63.2,yes,no,1.7,Overweight
1.69,51.26,yes,no,0.48,Underweight
1.59,40.2,yes,no,0.13,Underweight
1.65,49.03,no,no,2.0,Overweight
1.74,53.66,yes,no,2.46,Overweight
1.7,50.0,yes,no,0.78,Underweight
1.69,50.0,yes,no,0.17000000000000004,Underweight
1.69,50.0,yes,no,0.55,Underweight
1.79,51.55,yes,no,1.16,Overweight
1.81,58.83,yes,no,2.0,Overweight
1.83,43.53,yes,no,2.83,Overweight
1.78,56.03,yes,no,2.0,Overweight
1.75,55.97,yes,no,2.0,Overweight
1.79,50.0,yes,no,2.0,Overweight
1.71,50.0,yes,no,1.68,Overweight
1.54,42.01,no,yes,1.88,Overweight
1.9,59.9,yes,no,2.51,Overweight
1.71,50.08,yes,no,0.37,Underweight
1.7,50.63,yes,no,0.0,Underweight
1.56,39.7,yes,no,2.08,Overweight
1.85,60.0,yes,no,2.0,Overweight
1.83,59.99,yes,no,2.0,Overweight
1.72,52.51,yes,no,0.029999999999999916,Underweight
1.61,44.66,no,yes,0.77,Underweight
1.53,42.0,yes,no,0.0,Underweight
1.72,52.06,yes,no,0.19999999999999996,Underweight
1.76,54.98,yes,no,1.7,Overweight
1.77,55.7,yes,no,2.0,Overweight
1.77,56.27,yes,no,2.0,Overweight
1.7,51.44,yes,no,2.01,Overweight
1.67,49.8,yes,no,2.0,Overweight
1.72,51.88,yes,no,0.79,Underweight
1.59,44.24,no,no,1.1,Underweight
1.6,42.99,no,no,1.61,Overweight
1.59,44.01,no,no,1.19,Underweight
1.56,42.36,no,no,0.029999999999999916,Underweight
1.6,44.59,no,no,0.41999999999999993,Underweight
1.6,44.92,no,no,1.42,Overweight
1.63,45.0,yes,yes,1.35,Overweight
1.56,42.13,yes,no,0.20999999999999996,Underweight
1.55,42.07,yes,no,1.19,Underweight
1.57,41.71,yes,no,0.0,Underweight
1.52,42.0,yes,no,0.0,Underweight
1.6,44.81,no,yes,0.88,Underweight
1.56,41.95,yes,no,0.0,Underweight
1.52,42.0,yes,no,0.0,Underweight
1.52,42.0,yes,no,0.0,Underweight
1.69,51.11,yes,no,0.09999999999999998,Underweight
1.74,50.48,yes,no,0.79,Underweight
1.73,50.0,yes,no,1.85,Overweight
1.87,61.41,yes,no,1.56,Overweight
1.85,61.26,yes,no,1.29,Overweight
1.79,58.59,yes,no,1.98,Overweight
1.79,52.0,yes,no,0.85,Overweight
1.71,51.71,yes,no,1.95,Overweight
1.7,51.69,yes,no,0.53,Underweight
1.53,41.67,yes,no,0.25,Underweight
1.57,41.93,yes,no,0.0,Underweight
1.54,41.54,yes,no,0.0,Underweight
1.67,49.8,yes,no,2.0,Overweight
1.68,49.11,no,no,1.86,Overweight
1.67,49.13,no,no,1.51,Overweight
1.7,50.17,yes,no,1.32,Overweight
1.76,54.57,yes,no,2.11,Overweight
1.7,51.61,yes,no,0.49,Underweight
1.69,49.9,yes,no,2.0,Overweight
1.71,50.0,yes,no,2.0,Overweight
1.67,49.71,yes,no,2.0,Overweight
1.66,49.56,yes,no,1.08,Underweight
1.63,46.06,yes,no,1.62,Overweight
1.66,50.42,yes,no,0.12,Underweight
1.73,51.22,yes,no,0.29000000000000004,Underweight
1.74,50.0,yes,no,1.35,Overweight
1.76,52.09,yes,no,1.0,Overweight
1.79,51.52,yes,no,1.08,Overweight
1.77,51.13,yes,no,1.22,Overweight
1.7,52.09,yes,no,0.68,Underweight
1.83,58.91,yes,no,2.0,Overweight
1.79,58.2,yes,no,2.03,Overweight
1.78,57.28,yes,no,2.0,Overweight
1.61,42.66,yes,yes,1.95,Overweight
1.78,44.76,yes,no,2.33,Overweight
1.71,45.25,yes,no,2.41,Overweight
1.85,59.88,yes,no,2.0,Overweight
1.82,59.61,yes,no,2.0,Overweight
1.76,55.51,yes,no,2.0,Overweight
1.73,54.84,yes,no,1.26,Overweight
1.76,55.0,yes,no,2.0,Overweight
1.74,54.88,yes,no,2.0,Overweight
1.73,49.65,yes,no,1.94,Overweight
1.75,49.93,yes,no,1.95,Overweight
1.76,49.7,yes,no,2.0,Overweight
1.7,50.09,yes,no,0.82,Underweight
1.7,49.98,yes,no,2.0,Overweight
1.72,50.0,yes,no,2.0,Overweight
1.59,42.54,no,yes,1.46,Overweight
1.52,42.0,yes,no,0.14,Underweight
1.52,42.0,yes,no,0.10999999999999999,Underweight
1.84,59.31,yes,no,2.7,Overweight
1.85,59.620000000000005,yes,no,2.08,Overweight
1.85,59.21,yes,no,2.01,Overweight
1.72,50.0,yes,no,0.99,Underweight
1.7,50.17,yes,no,0.61,Underweight
1.72,51.49,yes,no,2.21,Overweight
1.71,50.0,yes,no,0.41999999999999993,Underweight
1.76,50.28,yes,no,0.10999999999999999,Underweight
1.7,50.0,yes,no,0.12,Underweight
1.57,41.22,yes,no,0.22999999999999998,Underweight
1.54,39.1,yes,no,2.43,Overweight
1.53,41.27,yes,no,0.039999999999999925,Underweight
1.76,55.37,yes,no,2.0,Overweight
1.84,60.0,yes,no,2.0,Overweight
1.86,58.67,yes,no,2.01,Overweight
1.83,59.93,yes,no,2.0,Overweight
1.82,58.44,yes,no,2.01,Overweight
1.81,59.239999999999995,yes,no,2.0,Overweight
1.71,50.66,yes,no,0.51,Underweight
1.71,51.31,yes,no,0.05999999999999994,Underweight
1.74,50.95,yes,no,0.52,Underweight
1.57,44.32,no,yes,1.33,Underweight
1.58,44.75,no,yes,0.98,Underweight
1.6,45.0,no,yes,1.23,Underweight
1.54,42.0,yes,no,0.0,Underweight
1.53,42.0,yes,no,0.45999999999999996,Underweight
1.53,42.0,yes,no,0.0,Underweight
1.72,52.29,yes,no,0.019999999999999907,Underweight
1.72,53.78,yes,no,1.49,Overweight
1.74,50.25,yes,no,0.68,Underweight
1.82,86.96,yes,no,2.0,Overweight
1.64,70.0,yes,no,0.77,Underweight
1.81,85.64,yes,no,0.04999999999999993,Normal
1.7,75.58,yes,no,0.99,Underweight
1.62,68.87,yes,no,0.95,Underweight
1.86,88.97,yes,no,0.0,Normal
1.72,82.92,yes,no,3.0,Overweight
1.86,86.41,yes,no,1.1,Normal
1.7,75.0,yes,no,0.7,Underweight
1.75,80.0,yes,no,2.64,Overweight
1.7,75.0,yes,no,0.35,Underweight
1.64,74.8,no,no,0.68,Underweight
1.61,68.13,yes,no,0.92,Underweight
1.61,68.23,yes,no,1.0,Underweight
1.53,62.9,yes,no,0.0,Underweight
1.55,62.34,yes,no,0.0,Underweight
1.73,78.18,yes,no,2.29,Overweight
1.63,70.0,yes,no,0.25,Underweight
1.62,70.0,yes,no,1.0,Underweight
1.62,70.0,yes,no,1.0,Underweight
1.63,68.8,yes,no,0.22999999999999998,Underweight
1.75,79.11,yes,no,2.57,Overweight
1.82,85.83,yes,no,2.55,Overweight
1.81,85.0,yes,no,1.61,Overweight
1.71,75.0,yes,no,2.02,Overweight
1.61,67.72,yes,no,1.23,Underweight
1.72,75.95,yes,no,0.0,Underweight
1.83,89.65,yes,no,2.0,Overweight
1.6,66.4,yes,no,1.91,Overweight
1.75,77.93,yes,no,1.36,Overweight
1.78,80.27,yes,no,2.71,Overweight
1.71,75.0,yes,no,1.0,Underweight
1.67,71.6,yes,no,1.68,Overweight
1.76,82.23,yes,no,0.24,Underweight
1.71,75.0,yes,no,1.1,Underweight
1.81,85.08,yes,no,1.07,Normal
1.6,64.81,yes,no,0.0,Underweight
1.72,72.75,yes,no,0.0,Underweight
1.71,75.48,yes,no,0.79,Underweight
1.55,54.93000000000001,yes,yes,0.10999999999999999,Underweight
1.6,65.0,yes,yes,0.69,Underweight
1.59,62.34,yes,no,1.91,Overweight
1.67,73.19,no,no,0.17999999999999994,Underweight
1.86,88.68,yes,no,0.56,Normal
1.59,63.32,yes,no,2.8899999999999997,Overweight
1.62,69.53,yes,no,1.0,Underweight
1.62,67.18,yes,yes,0.93,Underweight
1.64,70.0,yes,no,0.010000000000000009,Underweight
1.55,60.63,yes,yes,0.75,Underweight
1.6,65.0,yes,yes,0.48,Underweight
1.82,87.67,yes,no,2.0,Overweight
1.66,73.64,yes,no,0.0,Underweight
1.75,80.0,yes,no,0.09999999999999998,Underweight
1.86,88.14,yes,no,2.0,Normal
1.76,79.54,yes,no,1.81,Overweight
1.64,68.39,yes,no,0.0,Underweight
1.74,76.7,yes,no,1.0,Underweight
1.51,64.26,yes,yes,0.0,Underweight
1.81,87.29,yes,no,2.0,Overweight
1.8,86.98,yes,no,2.0,Overweight
1.63,70.0,yes,no,0.63,Underweight
1.64,70.0,yes,no,0.73,Underweight
1.79,83.26,yes,no,0.0,Underweight
1.68,75.0,yes,no,0.99,Underweight
1.62,68.65,yes,no,0.56,Underweight
1.62,68.77,yes,no,0.51,Underweight
1.82,86.52,yes,no,0.3400000000000001,Normal
1.81,86.75,yes,no,0.98,Normal
1.77,75.63,yes,no,0.38,Underweight
1.87,89.25,yes,no,0.43999999999999995,Normal
1.86,89.56,yes,no,0.0,Normal
1.67,75.0,yes,no,0.13,Underweight
1.72,75.95,yes,no,0.0,Underweight
1.75,79.83,yes,no,1.29,Overweight
1.71,75.31,yes,no,0.94,Underweight
1.67,74.81,yes,no,0.0,Underweight
1.68,74.96,yes,no,0.0,Underweight
1.61,67.94,yes,no,1.92,Overweight
1.61,68.07,yes,no,1.24,Underweight
1.62,70.0,yes,no,1.0,Underweight
1.51,63.18,yes,no,0.15000000000000002,Underweight
1.56,62.87,yes,no,0.12,Underweight
1.55,63.01,yes,no,2.16,Overweight
1.73,78.55,yes,no,2.06,Overweight
1.74,78.88,yes,no,2.12,Overweight
1.62,70.0,yes,no,1.0,Underweight
1.62,70.0,yes,no,1.0,Underweight
1.62,70.0,yes,no,1.0,Underweight
1.62,70.0,yes,no,1.0,Underweight
1.62,70.0,yes,no,1.0,Underweight
1.64,69.91,yes,no,1.58,Overweight
1.69,71.93,yes,no,0.76,Underweight
1.75,79.41,yes,no,2.32,Overweight
1.75,80.0,yes,no,2.0,Overweight
1.82,85.0,yes,no,1.76,Overweight
1.81,85.07,yes,no,2.21,Overweight
1.8,85.0,yes,no,1.53,Overweight
1.81,85.26,yes,no,2.32,Overweight
1.7,75.06,yes,no,1.99,Overweight
1.6,68.02,yes,no,0.99,Underweight
1.61,68.11,yes,no,0.98,Underweight
1.75,77.96,yes,no,0.08999999999999997,Underweight
1.75,77.97,yes,no,1.12,Overweight
1.86,87.11,yes,no,2.0,Overweight
1.9,90.52,yes,no,1.82,Normal
1.61,66.62,yes,no,1.36,Underweight
1.76,78.37,yes,no,2.9699999999999998,Overweight
1.76,78.3,yes,no,2.88,Overweight
1.78,80.09,yes,no,3.0,Overweight
1.71,75.0,yes,no,1.0,Underweight
1.68,75.0,yes,no,1.0,Underweight
1.7,74.24,yes,no,1.72,Overweight
1.77,82.05,yes,no,0.82,Normal
1.75,80.02,yes,no,1.22,Overweight
1.69,75.0,yes,no,0.75,Underweight
1.82,85.0,yes,no,2.43,Overweight
1.58,65.36,yes,no,0.52,Underweight
1.65,73.58,yes,no,0.0,Underweight
1.65,69.17,yes,no,0.05999999999999994,Underweight
1.71,75.38,yes,no,0.17999999999999994,Underweight
1.46,55.519999999999996,yes,yes,0.5,Underweight
1.5,55.38,yes,yes,0.13,Underweight
1.6,65.0,yes,yes,0.74,Underweight
1.56,63.6,yes,no,1.26,Underweight
1.55,62.88,yes,no,0.79,Underweight
1.65,73.92,no,no,0.9,Underweight
1.86,86.1,yes,no,1.07,Normal
1.85,87.08,yes,no,1.26,Normal
1.57,62.21,yes,no,1.02,Underweight
1.62,67.91,yes,no,0.98,Underweight
1.64,67.44,yes,yes,0.0,Underweight
1.61,65.0,yes,yes,0.37,Underweight
1.65,68.82,yes,no,0.0,Underweight
1.62,69.98,yes,no,0.82,Underweight
1.51,61.1,yes,yes,0.94,Underweight
1.52,60.27000000000001,yes,yes,0.75,Underweight
1.6,65.0,yes,yes,0.17999999999999994,Underweight
1.84,87.86,yes,no,2.0,Overweight
1.73,75.92,yes,no,0.55,Underweight
1.76,80.0,yes,no,2.88,Overweight
1.76,80.0,yes,no,2.88,Overweight
1.8,85.2,yes,no,1.78,Overweight
1.81,86.14,yes,no,2.04,Overweight
1.76,78.72,yes,no,0.22999999999999998,Underweight
1.76,79.99,yes,no,1.96,Overweight
1.62,69.39,yes,no,0.09999999999999998,Underweight
1.71,75.0,yes,no,1.0,Underweight
1.54,57.26,yes,yes,0.09999999999999998,Underweight
1.82,87.03,yes,no,1.66,Normal
1.82,87.11,yes,no,2.0,Overweight
1.64,70.0,yes,no,0.92,Underweight
1.62,70.0,yes,no,0.81,Underweight
1.8,85.77,yes,no,0.84,Normal
1.7,75.4,yes,no,0.99,Underweight
1.69,75.05,yes,no,1.0,Underweight
1.62,68.98,yes,no,0.83,Underweight
1.86,88.63,yes,no,1.55,Normal
1.74,86.93,yes,no,2.83,Overweight
1.74,80.91,yes,no,0.15000000000000002,Underweight
1.81,85.32,yes,no,1.07,Normal
1.85,85.23,yes,no,1.17,Normal
1.71,75.0,yes,no,0.92,Underweight
1.75,80.0,yes,no,2.69,Overweight
1.72,75.37,yes,no,0.12,Underweight
1.68,75.0,yes,no,0.33000000000000007,Underweight
1.68,74.89,yes,no,0.26,Underweight
1.6,68.06,yes,no,0.94,Underweight
1.62,68.91,yes,no,0.78,Underweight
1.61,68.87,yes,no,1.0,Underweight
1.61,69.46,yes,no,1.0,Underweight
1.55,62.34,yes,no,0.0,Underweight
1.57,62.86,yes,no,0.27,Underweight
1.53,62.42,yes,no,0.0,Underweight
1.73,79.0,yes,no,1.06,Underweight
1.73,78.43,yes,no,2.27,Overweight
1.63,70.0,yes,no,0.78,Underweight
1.62,70.0,yes,no,1.0,Underweight
1.62,70.0,yes,no,1.0,Underweight
1.62,70.0,yes,no,1.0,Underweight
1.64,69.24,yes,no,0.48,Underweight
1.68,71.81,yes,no,0.17000000000000004,Underweight
1.76,79.47,yes,no,2.76,Overweight
1.82,85.08,yes,no,2.72,Overweight
1.82,85.3,yes,no,2.06,Overweight
1.7,75.0,yes,no,1.5,Overweight
1.61,67.77,yes,no,1.18,Underweight
1.61,68.0,yes,no,1.12,Underweight
1.71,75.14,yes,no,0.93,Underweight
1.72,75.69,yes,no,0.08999999999999997,Underweight
1.83,89.43,yes,no,2.0,Overweight
1.61,67.14,yes,no,1.21,Underweight
1.6,66.13,yes,no,2.17,Overweight
1.75,77.98,yes,no,0.87,Underweight
1.74,78.66,yes,no,1.15,Overweight
1.78,80.11,yes,no,2.9299999999999997,Overweight
1.71,75.0,yes,no,1.0,Underweight
1.69,75.0,yes,no,1.0,Underweight
1.66,71.17,yes,no,1.61,Overweight
1.78,82.33,yes,no,1.11,Normal
1.77,82.69,yes,no,0.78,Normal
1.7,75.0,yes,no,1.08,Underweight
1.81,85.3,yes,no,1.31,Normal
1.6,65.42,yes,no,0.78,Underweight
1.67,72.91,yes,no,0.0,Underweight
1.7,75.09,yes,no,1.0,Underweight
1.71,75.83,yes,no,0.13,Underweight
1.49,53.62,yes,yes,0.32000000000000006,Underweight
1.52,55.81999999999999,yes,yes,0.08999999999999997,Underweight
1.62,65.06,yes,yes,0.10999999999999999,Underweight
1.59,65.13,yes,no,1.91,Overweight
1.68,73.5,yes,no,0.17000000000000004,Underweight
1.87,89.75,yes,no,0.41999999999999993,Normal
1.58,62.63,yes,no,0.58,Underweight
1.62,69.58,yes,no,1.0,Underweight
1.61,66.74,yes,yes,0.95,Underweight
1.62,67.19,yes,yes,0.73,Underweight
1.64,70.0,yes,no,0.53,Underweight
1.57,61.62,yes,yes,0.54,Underweight
1.54,63.86,yes,yes,0.30000000000000004,Underweight
1.6,65.0,yes,yes,0.66,Underweight
1.6,65.0,yes,yes,0.55,Underweight
1.77,87.07,yes,no,1.5,Overweight
1.65,74.15,yes,no,0.59,Underweight
1.65,73.81,yes,no,0.68,Underweight
1.75,80.0,yes,no,0.04999999999999993,Underweight
1.84,89.5,yes,no,2.0,Overweight
1.82,87.66,yes,no,2.09,Overweight
1.76,79.35,yes,no,1.38,Overweight
1.62,68.25,yes,no,0.0,Underweight
1.73,75.82,yes,no,1.0,Underweight
1.73,75.97,yes,no,1.0,Underweight
1.54,64.73,yes,yes,0.44999999999999996,Underweight
1.77,89.28,yes,no,0.54,Normal
1.75,89.07,yes,no,0.81,Normal
1.67,80.0,yes,no,1.67,Overweight
1.72,80.56,yes,no,2.0,Overweight
1.91,101.48,yes,no,1.0,Normal
1.74,82.52,yes,no,0.08999999999999997,Underweight
1.7,82.21,yes,no,0.0,Underweight
1.72,80.0,yes,no,2.94,Overweight
1.65,80.0,yes,no,0.44999999999999996,Underweight
1.58,65.52,no,no,1.86,Overweight
1.78,85.69,yes,no,0.86,Normal
1.82,91.63,yes,no,0.88,Normal
1.53,65.22,no,no,2.18,Overweight
1.48,61.37,no,no,0.33000000000000007,Underweight
1.77,87.8,yes,no,2.24,Overweight
1.57,69.74,no,no,1.42,Underweight
1.57,67.9,no,no,0.09999999999999998,Underweight
1.79,89.99,yes,no,0.0,Normal
1.8,89.87,yes,no,0.0,Normal
1.7,80.0,yes,no,0.97,Underweight
1.67,80.46,yes,no,0.81,Underweight
1.7,84.69,yes,no,0.0,Underweight
1.71,83.95,yes,no,0.81,Underweight
1.7,78.06,yes,no,0.55,Underweight
1.84,91.06,yes,no,0.16000000000000003,Normal
1.7,80.76,yes,no,0.0,Underweight
1.7,78.0,yes,no,1.73,Overweight
1.7,83.2,no,no,1.0,Underweight
1.66,77.27,yes,no,0.36,Underweight
1.84,96.19,yes,no,1.81,Normal
1.82,93.09,yes,no,0.0,Normal
1.72,85.31,yes,no,0.0,Underweight
1.79,90.0,yes,no,0.0,Normal
1.7,80.75,yes,no,0.5,Underweight
1.68,83.57,yes,no,0.89,Underweight
1.66,78.57,yes,no,0.0,Underweight
1.77,80.49,yes,no,1.0,Normal
1.77,85.0,yes,no,1.97,Overweight
1.65,80.0,yes,no,0.83,Underweight
1.65,80.0,yes,no,1.0,Underweight
1.65,79.17,yes,no,0.0,Underweight
1.69,80.54,yes,no,2.71,Overweight
1.53,65.03,no,no,0.26,Underweight
1.57,64.85,no,no,0.74,Underweight
1.5,63.65,no,no,0.27,Underweight
1.51,64.81,no,no,0.93,Underweight
1.7,81.32,yes,no,0.28,Underweight
1.72,81.65,yes,no,0.88,Underweight
1.7,78.97,yes,no,0.0,Underweight
1.65,80.0,yes,no,0.0,Underweight
1.68,77.43,yes,no,1.75,Overweight
1.65,77.13,yes,no,0.66,Underweight
1.85,99.0,yes,no,1.43,Normal
1.84,96.02,yes,no,1.0,Normal
1.56,71.73,no,no,1.0,Underweight
1.62,72.11,no,no,1.0,Underweight
1.7,78.0,no,no,0.0,Underweight
1.75,82.13,yes,no,0.94,Normal
1.72,85.0,yes,no,1.0,Underweight
1.76,85.05,yes,no,1.0,Normal
1.7,81.38,yes,no,1.88,Overweight
1.69,77.56,yes,no,0.39,Underweight
1.79,95.28,yes,no,1.07,Normal
1.71,83.02,yes,no,2.15,Overweight
1.73,84.75,yes,no,2.69,Overweight
1.7,83.0,yes,no,1.47,Overweight
1.63,74.43,no,no,2.36,Overweight
1.55,72.47,no,no,2.0,Overweight
1.84,92.7,yes,no,1.0,Normal
1.71,82.01,yes,no,2.16,Overweight
1.7,78.79,no,no,1.73,Overweight
1.71,78.07,no,no,1.66,Overweight
1.84,93.8,yes,no,1.73,Normal
1.88,99.62,yes,no,1.52,Normal
1.73,82.85,yes,no,2.22,Overweight
1.73,84.32,yes,no,1.29,Overweight
1.75,86.96,no,no,1.27,Overweight
1.78,88.43,yes,no,0.89,Normal
1.85,97.92,yes,no,1.0,Normal
1.79,88.04,yes,no,0.0,Normal
1.72,86.32,yes,no,0.0,Underweight
1.53,68.85,no,no,0.68,Underweight
1.66,80.39,yes,no,0.29000000000000004,Underweight
1.67,77.21,yes,no,0.67,Underweight
1.73,82.48,yes,no,1.0,Underweight
1.73,86.95,yes,no,0.71,Underweight
1.68,79.67,yes,no,0.0,Underweight
1.79,89.8,yes,no,0.0,Normal
1.72,80.0,yes,no,2.72,Overweight
1.92,101.54,yes,no,1.0,Normal
1.71,82.59,yes,no,0.019999999999999907,Underweight
1.66,80.0,yes,no,2.94,Overweight
1.54,65.91,no,no,0.99,Underweight
1.81,90.14,yes,no,0.3400000000000001,Normal
1.52,67.08,no,no,0.95,Underweight
1.74,87.28,yes,no,3.0,Overweight
1.53,65.14,no,no,1.92,Overweight
1.8,89.98,yes,no,0.0,Normal
1.68,80.04,yes,no,0.18999999999999995,Underweight
1.71,85.74,yes,no,0.0,Underweight
1.66,80.0,yes,no,0.0,Underweight
1.75,88.1,yes,no,0.0,Underweight
1.74,83.34,yes,no,0.44999999999999996,Underweight
1.7,78.0,yes,no,1.82,Overweight
1.7,83.41,no,no,1.0,Underweight
1.63,77.86,no,no,1.86,Overweight
1.86,95.89,yes,no,0.93,Normal
1.77,90.0,yes,no,0.0,Underweight
1.7,78.0,yes,no,1.42,Overweight
1.72,84.42,yes,no,1.98,Overweight
1.66,78.0,yes,no,0.53,Underweight
1.66,80.99,yes,no,1.0,Underweight
1.71,84.72,yes,no,2.0,Overweight
1.68,80.38,yes,no,1.66,Overweight
1.68,77.22,yes,no,0.0,Underweight
1.72,81.93,yes,no,1.39,Overweight
1.49,60.12,no,no,0.0,Underweight
1.5,64.34,no,no,0.06999999999999995,Underweight
1.72,81.67,yes,no,0.89,Underweight
1.69,79.28,yes,no,0.0,Underweight
1.67,77.1,yes,no,0.7,Underweight
1.84,97.03,yes,no,1.0,Normal
1.65,75.09,no,no,0.7,Underweight
1.7,78.0,no,no,0.0,Underweight
1.72,88.6,yes,no,0.87,Underweight
1.73,84.06,no,no,1.0,Underweight
1.7,79.68,no,no,0.10999999999999999,Underweight
1.7,78.64,yes,no,0.0,Underweight
1.82,96.95,yes,no,1.74,Normal
1.71,83.0,yes,no,2.3,Overweight
1.67,80.99,yes,no,0.0,Underweight
1.59,73.94,no,no,2.8899999999999997,Overweight
1.84,92.37,yes,no,1.0,Normal
1.71,83.52,yes,no,0.97,Underweight
1.68,79.75,yes,no,0.010000000000000009,Underweight
1.84,97.59,yes,no,1.93,Normal
1.74,86.57,yes,no,2.04,Overweight
1.74,84.77,yes,no,1.21,Overweight
1.76,86.08,yes,no,1.0,Normal
1.81,92.86,yes,no,0.029999999999999916,Normal
1.76,88.53,yes,no,0.0,Underweight
1.54,71.8,no,no,1.4,Underweight
1.65,79.44,yes,no,0.5,Underweight
1.73,84.56,yes,no,0.45999999999999996,Underweight
1.71,85.72,yes,no,0.68,Underweight
1.78,89.67,yes,no,0.47,Normal
1.76,89.67,yes,no,0.75,Normal
1.7,80.0,yes,no,2.8499999999999996,Overweight
1.72,80.01,yes,no,2.54,Overweight
1.9,99.81,yes,no,1.0,Normal
1.74,83.39,yes,no,0.4099999999999999,Underweight
1.75,83.31,yes,no,0.89,Normal
1.72,80.0,yes,no,2.27,Overweight
1.65,80.0,yes,no,0.15000000000000002,Underweight
1.58,65.29,no,no,1.28,Underweight
1.75,83.28,yes,no,0.89,Normal
1.84,91.8,yes,no,0.94,Normal
1.52,64.7,no,no,1.58,Underweight
1.48,62.89,no,no,0.28,Underweight
1.76,87.86,yes,no,2.41,Overweight
1.56,70.44,no,no,1.15,Underweight
1.55,67.47,no,no,1.93,Overweight
1.79,90.0,yes,no,0.0,Normal
1.78,89.84,yes,no,0.17000000000000004,Normal
1.7,80.47,yes,no,0.45999999999999996,Underweight
1.67,80.94,yes,no,0.79,Underweight
1.7,84.85,yes,no,0.0,Underweight
1.72,83.99,yes,no,0.87,Underweight
1.7,78.01,yes,no,0.9,Underweight
1.8,91.05,yes,no,0.04999999999999993,Normal
1.7,80.42,yes,no,0.93,Underweight
1.7,78.04,yes,no,0.86,Underweight
1.71,83.29,yes,no,1.0,Underweight
1.66,77.47,no,no,0.10999999999999999,Underweight
1.84,95.95,yes,no,1.29,Normal
1.81,91.36,yes,no,0.0,Normal
1.71,85.14,yes,no,0.33000000000000007,Underweight
1.79,89.91,yes,no,0.0,Normal
1.7,81.11,yes,no,0.5,Underweight
1.69,84.45,yes,no,1.17,Underweight
1.69,78.43,yes,no,0.039999999999999925,Underweight
1.67,80.4,yes,no,1.0,Underweight
1.77,85.0,yes,no,1.97,Overweight
1.65,80.0,yes,no,0.53,Underweight
1.66,79.86,no,no,1.45,Overweight
1.68,79.85,yes,no,0.0,Underweight
1.69,80.31,yes,no,2.63,Overweight
1.51,63.89,no,no,0.019999999999999907,Underweight
1.51,63.72,no,no,0.55,Underweight
1.49,62.27,no,no,0.32000000000000006,Underweight
1.51,64.85,no,no,1.1,Underweight
1.69,81.02,yes,no,0.42999999999999994,Underweight
1.72,82.34,yes,no,0.95,Underweight
1.7,78.16,yes,no,0.0,Underweight
1.68,79.08,yes,no,0.0,Underweight
1.68,77.39,yes,no,0.94,Underweight
1.65,79.7,yes,no,0.31000000000000005,Underweight
1.84,98.26,yes,no,1.33,Normal
1.84,97.42,yes,no,1.0,Normal
1.56,71.79,no,no,1.63,Underweight
1.59,72.71,no,no,1.32,Underweight
1.7,78.05,no,no,1.47,Overweight
1.74,84.73,yes,no,0.31000000000000005,Underweight
1.74,85.0,no,no,1.0,Underweight
1.75,85.0,yes,no,1.0,Normal
1.72,80.79,yes,no,1.91,Overweight
1.68,77.43,yes,no,1.64,Overweight
1.8,95.42,yes,no,1.05,Normal
1.71,83.01,yes,no,2.8099999999999996,Overweight
1.75,84.78,yes,no,2.67,Overweight
1.69,83.33,yes,no,1.06,Underweight
1.6,73.51,no,no,1.52,Underweight
1.55,72.95,no,no,2.27,Overweight
1.83,91.5,yes,no,0.6,Normal
1.71,82.09,yes,no,1.6,Overweight
1.68,79.62,no,no,1.19,Underweight
1.71,78.03,no,no,1.48,Overweight
1.84,93.61,yes,no,1.44,Normal
1.83,99.08,yes,no,1.9,Normal
1.72,82.28,yes,no,2.08,Overweight
1.69,83.99,yes,no,0.93,Underweight
1.75,86.37,yes,no,1.22,Normal
1.76,87.91,yes,no,1.08,Normal
1.85,98.91,yes,no,1.03,Normal
1.79,89.39,yes,no,0.0,Normal
1.72,85.26,yes,no,0.63,Underweight
1.55,69.94,no,no,0.93,Underweight
1.66,80.14,yes,no,0.039999999999999925,Underweight
1.68,77.36,yes,no,0.97,Underweight
1.73,82.53,yes,no,1.0,Underweight
1.72,86.46,yes,no,0.6,Underweight
1.69,80.41,yes,no,0.65,Underweight
1.77,105.0,yes,no,1.73,Normal
1.84,105.71,yes,no,2.0,Normal
1.78,102.87,yes,no,2.0,Normal
1.79,101.78,yes,no,3.0,Overweight
1.56,78.23,yes,no,0.0,Underweight
1.59,80.35,yes,no,0.0,Underweight
1.57,81.83,yes,no,1.31,Underweight
1.58,81.94,yes,no,0.0,Underweight
1.62,82.0,yes,no,0.0,Underweight
1.61,82.6,yes,no,0.29000000000000004,Underweight
1.73,97.91,yes,no,1.31,Normal
1.65,88.47,yes,no,1.17,Underweight
1.65,87.27,yes,no,0.42999999999999994,Underweight
1.64,84.34,yes,no,2.23,Overweight
1.56,77.27,yes,no,0.0,Underweight
1.73,95.0,yes,no,2.67,Overweight
1.78,97.81,yes,no,3.0,Overweight
1.64,87.34,yes,no,1.28,Underweight
1.65,82.14,yes,no,1.03,Underweight
1.75,108.0,yes,no,1.76,Normal
1.55,77.75,yes,no,0.0,Underweight
1.71,90.5,yes,no,0.97,Underweight
1.56,80.0,yes,no,1.72,Underweight
1.67,90.0,yes,no,1.95,Overweight
1.66,94.19,yes,no,0.0,Underweight
1.79,98.45,yes,no,1.55,Normal
1.76,95.36,yes,no,3.0,Overweight
1.71,98.7,yes,no,2.7,Overweight
1.78,100.85,yes,no,2.05,Normal
1.6,82.04,yes,no,2.23,Overweight
1.61,82.53,yes,no,1.89,Overweight
1.67,83.15,yes,no,0.35,Underweight
1.54,80.0,yes,no,1.63,Underweight
1.51,79.59,yes,no,0.0,Underweight
1.66,90.0,yes,no,0.67,Underweight
1.55,78.0,yes,no,0.83,Underweight
1.78,102.91,yes,no,1.46,Normal
1.75,96.94,yes,no,2.36,Overweight
1.62,80.62,yes,no,0.029999999999999916,Underweight
1.79,105.66,yes,no,0.0,Normal
1.85,114.77,yes,no,1.0,Normal
1.69,90.03,yes,no,1.07,Underweight
1.71,93.35,yes,no,0.9,Underweight
1.79,105.14,yes,no,0.32000000000000006,Normal
1.75,106.49,yes,no,0.65,Normal
1.78,103.19,yes,no,0.48,Normal
1.82,106.04,yes,no,0.0,Normal
1.79,108.96,yes,no,1.0,Normal
1.82,108.74,yes,no,1.0,Normal
1.63,82.0,yes,no,0.0,Underweight
1.63,82.0,yes,no,0.0,Underweight
1.77,105.0,yes,no,1.0,Normal
1.93,118.56,yes,no,0.73,Normal
1.95,116.89,yes,no,0.98,Normal
1.61,80.0,yes,no,1.85,Overweight
1.51,75.41,yes,no,1.88,Underweight
1.74,97.19,yes,no,0.0,Underweight
1.57,76.13,yes,no,0.0,Underweight
1.59,76.13,yes,no,0.0,Underweight
1.82,108.4,yes,no,1.0,Normal
1.79,108.24,yes,no,1.0,Normal
1.83,108.75,yes,no,0.88,Normal
1.67,86.24,yes,no,1.19,Underweight
1.64,91.27,yes,no,0.3400000000000001,Underweight
1.68,89.99,yes,no,0.39,Underweight
1.61,84.49,yes,no,1.0,Underweight
1.69,96.37,yes,no,0.0,Underweight
1.7,99.2,yes,no,0.0,Underweight
1.6,82.25,yes,no,0.25,Underweight
1.8,104.74,yes,no,1.78,Normal
1.84,105.03,yes,no,2.0,Normal
1.81,106.04,yes,no,1.81,Normal
1.79,100.62,yes,no,2.0,Normal
1.79,100.07,yes,no,2.0,Normal
1.53,78.03,yes,no,0.0,Underweight
1.58,79.71,yes,no,0.010000000000000009,Underweight
1.65,86.64,yes,no,0.0,Underweight
1.64,81.98,yes,no,0.0,Underweight
1.63,82.41,yes,no,0.25,Underweight
1.6,82.0,yes,no,0.0,Underweight
1.65,94.79,yes,no,0.65,Underweight
1.7,95.0,yes,no,1.81,Overweight
1.65,89.14,yes,no,0.63,Underweight
1.66,90.0,yes,no,0.6,Underweight
1.63,82.63,yes,no,0.38,Underweight
1.63,84.5,yes,no,0.85,Underweight
1.56,79.66,yes,no,0.0,Underweight
1.56,80.0,yes,no,1.3,Underweight
1.75,95.32,yes,no,3.0,Overweight
1.75,95.27,yes,no,3.0,Overweight
1.65,88.13,yes,no,1.36,Underweight
1.65,87.68,yes,no,1.1,Underweight
1.65,85.58,yes,no,2.09,Overweight
1.63,85.8,yes,no,2.39,Overweight
1.77,108.6,yes,no,1.87,Normal
1.76,108.72,yes,no,1.94,Normal
1.6,77.35,yes,no,0.0,Underweight
1.57,79.49,yes,no,0.0,Underweight
1.7,93.64,yes,no,0.45999999999999996,Underweight
1.74,93.43,yes,no,0.97,Normal
1.63,80.0,yes,no,0.17999999999999994,Underweight
1.62,80.0,yes,no,0.0,Underweight
1.67,90.0,yes,no,1.99,Overweight
1.68,89.99,yes,no,0.58,Underweight
1.7,95.56,yes,no,0.0,Underweight
1.72,94.09,yes,no,0.0,Underweight
1.67,90.58,yes,no,1.45,Overweight
1.79,98.02,yes,no,1.26,Normal
1.77,97.45,yes,no,2.49,Overweight
1.76,97.83,yes,no,2.43,Overweight
1.78,102.27,yes,no,2.71,Overweight
1.81,105.25,yes,no,1.06,Normal
1.61,82.95,yes,no,2.09,Overweight
1.63,83.1,yes,no,1.09,Underweight
1.63,82.97,yes,no,0.95,Underweight
1.61,82.47,yes,no,0.29000000000000004,Underweight
1.57,81.06,yes,no,0.0,Underweight
1.55,80.0,yes,no,0.0,Underweight
1.68,90.0,yes,no,1.25,Underweight
1.69,90.0,yes,no,1.45,Overweight
1.58,78.0,yes,no,0.88,Underweight
1.59,79.11,yes,no,0.85,Underweight
1.71,99.86,yes,no,0.06999999999999995,Underweight
1.72,99.43,yes,no,1.58,Normal
1.62,82.0,yes,no,0.0,Underweight
1.62,82.0,yes,no,0.0,Underweight
1.86,112.88,yes,no,1.0,Normal
1.86,118.18,yes,no,0.79,Normal
1.68,90.67,yes,no,0.13,Underweight
1.72,92.95,yes,no,0.0,Underweight
1.8,106.53,yes,no,0.30000000000000004,Normal
1.82,106.05,yes,no,0.0,Normal
1.79,105.04,yes,no,0.27,Normal
1.78,105.0,yes,no,0.35,Normal
1.78,109.21,yes,no,1.0,Normal
1.84,109.2,yes,no,1.0,Normal
1.63,82.0,yes,no,0.0,Underweight
1.65,82.32,yes,no,0.63,Underweight
1.75,105.0,yes,no,1.0,Normal
1.76,105.0,yes,no,1.0,Normal
1.94,121.66,yes,no,1.0,Normal
1.98,120.7,yes,no,0.77,Normal
1.59,80.0,yes,no,1.97,Overweight
1.6,80.0,yes,no,1.9,Overweight
1.7,98.3,yes,no,0.0,Underweight
1.71,99.54,yes,no,1.73,Overweight
1.53,75.15,yes,no,0.0,Underweight
1.5,76.64,yes,no,0.0,Underweight
1.78,108.41,yes,no,1.0,Normal
1.79,108.2,yes,no,1.0,Normal
1.81,109.41,yes,no,1.23,Normal
1.79,109.6,yes,no,1.77,Normal
1.69,90.0,yes,no,1.35,Overweight
1.7,91.5,yes,no,0.95,Underweight
1.67,89.74,yes,no,1.48,Overweight
1.67,89.05,yes,no,0.010000000000000009,Underweight
1.65,84.21,yes,no,1.02,Underweight
1.65,84.9,yes,no,1.0,Underweight
1.7,97.97,yes,no,0.0,Underweight
1.69,99.53,yes,no,0.0,Underweight
1.62,82.4,yes,no,1.01,Underweight
1.63,82.46,yes,no,1.0,Underweight
1.84,105.26,yes,no,2.22,Normal
1.8,103.71,yes,no,2.8899999999999997,Overweight
1.82,105.13,yes,no,1.89,Normal
1.83,105.48,yes,no,1.8,Normal
1.83,105.44,yes,no,1.78,Normal
1.82,105.8,yes,no,1.17,Normal
1.83,105.2,yes,no,2.0,Normal
1.78,103.77,yes,no,2.11,Normal
1.78,103.59,yes,no,3.0,Overweight
1.78,96.3,yes,no,2.17,Overweight
1.56,77.65,yes,no,0.0,Underweight
1.56,78.44,yes,no,0.0,Underweight
1.6,80.73,yes,no,0.0,Underweight
1.62,81.72,yes,no,0.0,Underweight
1.57,81.92,yes,no,1.05,Underweight
1.58,80.99,yes,no,0.26,Underweight
1.58,81.92,yes,no,0.99,Underweight
1.57,80.09,yes,no,0.0,Underweight
1.63,82.0,yes,no,0.0,Underweight
1.62,82.28,yes,no,0.25,Underweight
1.61,82.64,yes,no,0.74,Underweight
1.63,82.41,yes,no,0.24,Underweight
1.73,97.96,yes,no,2.49,Overweight
1.73,98.44,yes,no,2.24,Overweight
1.65,88.13,yes,no,1.32,Underweight
1.65,88.03,yes,no,1.75,Overweight
1.67,86.0,yes,no,0.31000000000000005,Underweight
1.67,85.57,yes,no,0.039999999999999925,Underweight
1.61,84.19,yes,no,2.11,Overweight
1.65,84.13,yes,no,0.78,Underweight
1.53,77.55,yes,no,0.0,Underweight
1.52,76.2,yes,no,1.34,Underweight
1.7,95.0,yes,no,1.03,Underweight
1.72,94.74,yes,no,1.93,Overweight
1.77,96.08,yes,no,3.0,Overweight
1.78,97.84,yes,no,3.0,Overweight
1.64,88.12,yes,no,1.2,Underweight
1.64,88.08,yes,no,1.27,Underweight
1.64,82.14,yes,no,0.89,Underweight
1.65,82.02,yes,no,0.21999999999999997,Underweight
1.78,106.45,yes,no,1.91,Normal
1.81,107.56,yes,no,0.17999999999999994,Normal
1.56,77.6,yes,no,0.0,Underweight
1.56,77.68,yes,no,0.0,Underweight
1.65,91.2,yes,no,0.92,Underweight
1.68,91.07,yes,no,0.52,Underweight
1.55,80.0,yes,no,1.65,Underweight
1.56,80.0,yes,no,0.36,Underweight
1.67,90.0,yes,no,1.99,Overweight
1.68,89.99,yes,no,1.52,Overweight
1.66,94.26,yes,no,0.0,Underweight
1.67,94.45,yes,no,0.0,Underweight
1.79,100.43,yes,no,2.55,Overweight
1.78,98.79,yes,no,2.79,Overweight
1.75,95.29,yes,no,2.8899999999999997,Overweight
1.75,95.29,yes,no,3.0,Overweight
1.72,98.58,yes,no,2.82,Overweight
1.74,98.18,yes,no,2.46,Overweight
1.79,101.29,yes,no,2.35,Overweight
1.79,99.2,yes,no,2.01,Normal
1.61,83.79,yes,no,2.23,Overweight
1.6,82.01,yes,no,1.85,Overweight
1.61,82.53,yes,no,2.05,Overweight
1.61,82.37,yes,no,2.15,Overweight
1.66,82.6,yes,no,0.13,Underweight
1.66,82.46,yes,no,0.06999999999999995,Underweight
1.55,80.0,yes,no,1.67,Underweight
1.55,80.0,yes,no,1.87,Overweight
1.53,79.76,yes,no,0.0,Underweight
1.52,79.84,yes,no,0.0,Underweight
1.66,90.0,yes,no,0.4099999999999999,Underweight
1.67,90.0,yes,no,0.88,Underweight
1.58,78.09,yes,no,0.05999999999999994,Underweight
1.56,80.54,yes,no,0.39,Underweight
1.78,102.95,yes,no,0.57,Normal
1.78,103.61,yes,no,1.21,Normal
1.75,96.88,yes,no,2.64,Overweight
1.74,96.74,yes,no,2.61,Overweight
1.57,79.0,yes,no,0.4,Underweight
1.59,80.55,yes,no,0.010000000000000009,Underweight
1.8,105.69,yes,no,0.0,Normal
1.79,105.62,yes,no,0.0,Normal
1.87,115.63,yes,no,0.98,Normal
1.86,111.24,yes,no,1.0,Normal
1.69,90.02,yes,no,1.65,Overweight
1.68,90.92,yes,no,0.74,Underweight
1.74,93.89,yes,no,0.58,Normal
1.69,92.51,yes,no,1.03,Underweight
1.79,105.06,yes,no,0.58,Normal
1.74,105.03,yes,no,0.98,Normal
1.8,106.33,yes,no,0.54,Normal
1.77,105.97,yes,no,0.61,Normal
1.78,104.97,yes,no,0.010000000000000009,Normal
1.78,102.92,yes,no,1.25,Normal
1.79,106.32,yes,no,0.10999999999999999,Normal
1.82,105.5,yes,no,0.05999999999999994,Normal
1.81,108.83,yes,no,1.0,Normal
1.81,108.8,yes,no,1.0,Normal
1.81,108.9,yes,no,1.0,Normal
1.8,108.93,yes,no,1.0,Normal
1.63,82.0,yes,no,0.0,Underweight
1.62,82.85,yes,no,0.55,Underweight
1.62,81.28,yes,no,0.019999999999999907,Underweight
1.62,82.58,yes,no,0.26,Underweight
1.77,105.0,yes,no,1.0,Normal
1.81,105.7,yes,no,0.9,Normal
1.88,117.47,yes,no,0.89,Normal
1.88,112.93,yes,no,0.92,Normal
1.93,118.2,yes,no,0.74,Normal
1.86,115.4,yes,no,0.99,Normal
1.57,80.0,yes,no,1.98,Overweight
1.57,80.0,yes,no,1.65,Underweight
1.52,77.03,yes,no,0.12,Underweight
1.55,76.08,yes,no,1.35,Underweight
1.71,96.57,yes,no,0.0,Underweight
1.72,97.35,yes,no,0.0,Underweight
1.56,76.66,yes,no,0.0,Underweight
1.5,75.28,yes,no,0.0,Underweight
1.54,77.05,yes,no,0.0,Underweight
1.59,77.0,yes,no,0.0,Underweight
1.79,108.02,yes,no,1.0,Normal
1.78,108.04,yes,no,1.0,Normal
1.8,108.32,yes,no,1.0,Normal
1.8,108.25,yes,no,1.0,Normal
1.8,108.16,yes,no,1.14,Normal
1.83,107.11,yes,no,1.0,Normal
1.69,89.94,yes,no,1.49,Overweight
1.67,85.61,yes,no,1.17,Underweight
1.65,93.31,yes,no,0.09999999999999998,Underweight
1.66,90.74,yes,no,0.45999999999999996,Underweight
1.64,89.42,yes,no,0.32000000000000006,Underweight
1.67,90.0,yes,no,0.57,Underweight
1.62,83.12,yes,no,1.03,Underweight
1.6,82.41,yes,no,0.69,Underweight
1.7,96.71,yes,no,0.98,Normal
1.71,95.03,yes,no,0.0,Underweight
1.7,98.57,yes,no,0.0,Underweight
1.71,99.87,yes,no,0.0,Underweight
1.61,82.19,yes,no,0.13,Underweight
1.61,82.04,yes,no,0.18999999999999995,Underweight
1.8,104.41,yes,no,2.24,Normal
1.79,104.19,yes,no,1.61,Normal
1.76,112.29,yes,no,0.0,Normal
1.79,115.13,yes,no,1.54,Normal
1.7,107.95,yes,no,1.98,Overweight
1.7,102.81,yes,no,1.99,Overweight
1.91,128.83,yes,no,1.95,Normal
1.82,122.14,yes,no,0.79,Normal
1.77,118.15,no,no,0.68,Normal
1.77,120.15,no,no,1.1,Normal
1.77,116.16,yes,no,0.0,Normal
1.79,112.73,yes,no,0.0,Normal
1.83,120.86,yes,no,0.69,Normal
1.89,121.25,yes,no,1.32,Normal
1.75,120.0,yes,no,1.08,Normal
1.87,128.87,yes,no,0.9,Normal
1.76,112.26,yes,no,1.6,Normal
1.76,117.3,yes,no,1.1,Normal
1.75,116.59,yes,no,0.36,Normal
1.7,101.63,yes,no,0.25,Underweight
1.85,121.41,yes,no,0.84,Normal
1.84,122.02,yes,no,1.03,Normal
1.61,98.49,yes,no,1.54,Underweight
1.65,106.51,yes,no,0.0,Underweight
1.76,112.01,yes,no,0.0,Normal
1.76,112.09,yes,no,1.23,Normal
1.67,101.63,yes,no,2.0,Overweight
1.67,98.66,yes,no,2.0,Overweight
1.91,129.85,yes,no,0.91,Normal
1.9,124.27,yes,no,1.07,Normal
1.75,118.1,yes,no,0.37,Normal
1.75,119.43,yes,no,0.59,Normal
1.77,116.16,yes,no,1.4,Normal
1.79,116.1,yes,no,0.97,Normal
1.83,120.86,yes,no,2.0,Normal
1.83,121.0,yes,no,1.11,Normal
1.78,121.2,yes,no,0.42999999999999994,Normal
1.77,118.36,yes,no,0.61,Normal
1.75,117.38,yes,no,1.82,Normal
1.75,119.09,yes,no,1.59,Normal
1.75,108.31,yes,no,1.63,Normal
1.73,103.67,yes,no,1.75,Normal
1.85,121.79,yes,no,0.35,Normal
1.85,122.33,yes,no,0.42999999999999994,Normal
1.61,99.96,yes,no,1.19,Underweight
1.61,103.18,yes,no,0.0,Underweight
1.76,113.9,yes,no,0.0,Normal
1.76,112.29,yes,no,0.49,Normal
1.79,115.43,yes,no,1.12,Normal
1.77,114.33,yes,no,1.55,Normal
1.73,110.71,yes,no,0.67,Normal
1.74,109.89,yes,no,0.91,Normal
1.7,103.84,yes,no,1.98,Overweight
1.7,103.03,yes,no,0.36,Underweight
1.91,128.86,yes,no,1.85,Normal
1.91,129.94,yes,no,1.06,Normal
1.78,120.64,yes,no,0.84,Normal
1.78,120.55,yes,no,0.08999999999999997,Normal
1.86,120.2,yes,no,0.71,Normal
1.81,118.28,yes,no,0.98,Normal
1.75,118.21,yes,no,0.6,Normal
1.82,120.4,yes,no,1.05,Normal
1.77,114.13,yes,no,1.27,Normal
1.76,115.53,yes,no,1.42,Normal
1.78,112.44,yes,no,0.0,Normal
1.78,112.96,yes,no,0.0,Normal
1.87,120.9,yes,no,1.21,Normal
1.8,119.05,yes,no,0.68,Normal
1.88,121.28,yes,no,1.3,Normal
1.78,120.59,yes,no,1.8,Normal
1.77,120.08,yes,no,1.1,Normal
1.76,118.38,yes,no,1.08,Normal
1.82,126.46,yes,no,0.95,Normal
1.87,125.06,yes,no,0.85,Normal
1.77,113.21,yes,no,1.56,Normal
1.77,114.1,yes,no,1.36,Normal
1.86,117.57,yes,no,1.31,Normal
1.83,118.42,yes,no,1.14,Normal
1.77,118.53,yes,no,0.66,Normal
1.77,117.29,yes,no,0.92,Normal
1.67,103.71,yes,no,0.10999999999999999,Underweight
1.7,102.69,yes,no,1.62,Normal
1.84,121.14,yes,no,0.99,Normal
1.78,118.74,yes,no,0.85,Normal
1.87,121.83,yes,no,1.3,Normal
1.76,120.02,yes,no,1.58,Normal
1.62,100.94,yes,no,0.24,Underweight
1.64,100.0,yes,no,1.7,Overweight
1.7,104.58,yes,no,0.21999999999999997,Underweight
1.66,104.55,yes,no,0.17000000000000004,Underweight
1.76,112.0,yes,no,0.0,Normal
1.76,112.1,yes,no,0.0,Normal
1.62,99.98,yes,no,1.96,Overweight
1.62,97.58,yes,no,1.98,Overweight
1.92,129.99,yes,no,1.06,Normal
1.91,129.23,yes,no,1.2,Normal
1.75,118.07,yes,no,0.19999999999999996,Normal
1.75,119.03,yes,no,0.33000000000000007,Normal
1.78,113.71,yes,no,1.09,Normal
1.79,116.16,yes,no,1.6,Normal
1.83,120.98,yes,no,2.0,Normal
1.8,120.99,yes,no,1.87,Normal
1.75,120.0,yes,no,0.58,Normal
1.76,118.55,yes,no,0.55,Normal
1.83,121.24,yes,no,1.86,Normal
1.84,120.43,yes,no,1.69,Normal
1.75,109.91,yes,no,0.94,Normal
1.75,115.81,yes,no,0.51,Normal
1.85,122.12,yes,no,0.15000000000000002,Normal
1.85,122.61,yes,no,0.17999999999999994,Normal
1.61,100.62,yes,no,0.17999999999999994,Underweight
1.6,99.61,yes,no,0.88,Underweight
1.77,112.47,yes,no,0.0,Normal
1.76,112.4,yes,no,0.0,Normal
1.79,115.03,yes,no,1.45,Normal
1.77,114.91,yes,no,1.54,Normal
1.72,109.35,yes,no,1.33,Normal
1.7,107.03,yes,no,1.98,Overweight
1.7,103.02,yes,no,1.99,Overweight
1.7,102.82,yes,no,0.65,Normal
1.91,129.68,yes,no,1.86,Normal
1.91,129.87,yes,no,1.11,Normal
1.8,121.09,yes,no,0.8,Normal
1.86,123.72,yes,no,1.03,Normal
1.82,118.33,yes,no,0.7,Normal
1.79,118.17,yes,no,0.9,Normal
1.75,118.3,yes,no,0.77,Normal
1.75,120.1,yes,no,0.96,Normal
1.77,115.09,yes,no,1.08,Normal
1.77,115.83,yes,no,1.21,Normal
1.79,112.54,yes,no,0.0,Normal
1.79,112.74,yes,no,0.0,Normal
1.82,120.82,yes,no,0.98,Normal
1.84,120.42,yes,no,0.71,Normal
1.87,121.24,yes,no,1.36,Normal
1.8,120.9,yes,no,1.66,Normal
1.76,119.12,yes,no,1.08,Normal
1.76,118.57,yes,no,1.08,Normal
1.89,129.16,yes,no,0.94,Normal
1.87,127.51,yes,no,0.92,Normal
1.76,112.2,yes,no,1.33,Normal
1.76,113.23,yes,no,1.59,Normal
1.77,117.4,yes,no,0.86,Normal
1.77,117.71,yes,no,1.05,Normal
1.76,117.65,yes,no,0.48,Normal
1.76,116.97,yes,no,0.58,Normal
1.68,102.87,yes,no,0.20999999999999996,Underweight
1.7,100.18,yes,no,1.39,Normal
1.85,121.66,yes,no,0.77,Normal
1.87,121.68,yes,no,0.87,Normal
1.87,121.84,yes,no,1.28,Normal
1.85,121.42,yes,no,0.92,Normal
1.62,98.54,yes,no,1.93,Overweight
1.65,99.59,yes,no,1.09,Underweight
1.62,104.3,yes,no,0.20999999999999996,Underweight
1.64,104.27,yes,no,0.17000000000000004,Underweight
1.79,112.17,yes,no,0.0,Normal
1.76,112.01,yes,no,0.0,Normal
1.76,113.09,yes,no,1.25,Normal
1.77,112.23,yes,no,1.39,Normal
1.68,102.02,yes,no,2.0,Overweight
1.67,100.54,yes,no,1.74,Overweight
1.69,99.54,yes,no,1.62,Overweight
1.69,99.71,yes,no,0.86,Underweight
1.89,129.35,yes,no,0.95,Normal
1.92,129.97,yes,no,0.99,Normal
1.84,124.07,yes,no,0.99,Normal
1.87,123.17,yes,no,0.6,Normal
1.75,119.21,yes,no,0.39,Normal
1.76,118.24,yes,no,0.37,Normal
1.75,117.9,yes,no,0.69,Normal
1.76,118.67,yes,no,0.64,Normal
1.76,116.31,yes,no,1.69,Normal
1.77,116.67,yes,no,1.11,Normal
1.79,115.38,yes,no,1.39,Normal
1.77,116.16,yes,no,0.98,Normal
1.84,120.98,yes,no,1.52,Normal
1.82,120.81,yes,no,1.94,Normal
1.83,121.0,yes,no,1.69,Normal
1.83,121.0,yes,no,1.47,Normal
1.78,120.75,yes,no,0.35,Normal
1.78,120.79,yes,no,0.42999999999999994,Normal
1.76,119.37,yes,no,0.44999999999999996,Normal
1.75,118.81,yes,no,0.65,Normal
1.76,117.37,yes,no,1.38,Normal
1.76,117.33,yes,no,1.63,Normal
1.75,119.44,yes,no,1.92,Normal
1.76,119.19,yes,no,1.59,Normal
1.71,108.01,yes,no,1.86,Normal
1.74,106.42,yes,no,1.67,Normal
1.68,102.52,yes,no,1.98,Overweight
1.71,103.07,yes,no,1.17,Normal
1.85,121.56,yes,no,0.8,Normal
1.85,121.74,yes,no,0.48,Normal
1.85,122.06,yes,no,0.93,Normal
1.87,121.46,yes,no,0.94,Normal
1.61,100.78,yes,no,1.0,Underweight
1.6,100.21,yes,no,0.22999999999999998,Underweight
1.62,103.39,yes,no,0.17000000000000004,Underweight
1.61,100.64,yes,no,1.13,Underweight
1.76,113.5,yes,no,0.0,Normal
1.76,113.22,yes,no,0.0,Normal
1.76,112.32,yes,no,0.17999999999999994,Normal
1.76,112.28,yes,no,0.67,Normal
1.78,115.35,yes,no,1.33,Normal
1.79,114.53,yes,no,1.28,Normal
1.77,114.19,yes,no,1.5,Normal
1.77,114.14,yes,no,1.35,Normal
1.76,111.64,yes,no,0.48,Normal
1.76,111.95,yes,no,0.04999999999999993,Normal
1.75,109.76,yes,no,1.16,Normal
1.74,111.17,yes,no,0.92,Normal
1.7,103.74,yes,no,1.93,Overweight
1.7,103.25,yes,no,1.99,Overweight
1.68,102.0,yes,no,1.18,Normal
1.7,102.59,yes,no,0.33000000000000007,Underweight
1.88,127.16,yes,no,1.49,Normal
1.91,129.01,yes,no,1.39,Normal
1.91,129.19,yes,no,1.64,Normal
1.91,129.23,yes,no,1.14,Normal
1.78,120.6,yes,no,0.88,Normal
1.77,120.16,yes,no,1.04,Normal
1.78,120.61,yes,no,0.57,Normal
1.77,120.34,yes,no,0.99,Normal
1.82,119.62,yes,no,0.76,Normal
1.84,119.96,yes,no,0.84,Normal
1.85,117.63,yes,no,1.0,Normal
1.83,117.76,yes,no,1.22,Normal
1.75,118.11,yes,no,0.13,Normal
1.76,117.86,yes,no,0.85,Normal
1.82,120.7,yes,no,0.74,Normal
1.81,119.48,yes,no,0.95,Normal
1.77,114.16,yes,no,1.33,Normal
1.77,114.25,yes,no,1.31,Normal
1.76,115.11,yes,no,1.32,Normal
1.77,115.46,yes,no,1.29,Normal
1.77,112.35,yes,no,0.0,Normal
1.76,112.41,yes,no,0.0,Normal
1.78,113.15,yes,no,0.55,Normal
1.77,113.24,yes,no,0.0,Normal
1.89,121.07,yes,no,1.24,Normal
1.83,120.87,yes,no,1.16,Normal
1.81,120.42,yes,no,0.69,Normal
1.81,119.84,yes,no,0.69,Normal
1.86,121.28,yes,no,1.17,Normal
1.87,121.53,yes,no,1.09,Normal
1.78,120.92,yes,no,1.49,Normal
1.79,120.92,yes,no,1.14,Normal
1.76,120.01,yes,no,1.09,Normal
1.77,120.21,yes,no,0.93,Normal
1.75,118.27,yes,no,0.89,Normal
1.76,118.37,yes,no,1.02,Normal
1.85,125.08,yes,no,0.99,Normal
1.84,125.97,yes,no,0.88,Normal
1.83,124.95,yes,no,0.8,Normal
1.86,126.42,yes,no,0.9,Normal
1.76,113.07,yes,no,1.59,Normal
1.76,112.84,yes,no,1.38,Normal
1.77,114.07,yes,no,1.54,Normal
1.77,114.0,yes,no,1.52,Normal
1.8,117.93,yes,no,1.02,Normal
1.79,117.85,yes,no,1.06,Normal
1.8,118.33,yes,no,1.11,Normal
1.84,118.38,yes,no,1.23,Normal
1.76,118.4,yes,no,0.62,Normal
1.75,119.2,yes,no,0.61,Normal
1.77,117.79,yes,no,0.76,Normal
1.77,118.13,yes,no,0.82,Normal
1.6,101.04,yes,no,0.06999999999999995,Underweight
1.69,103.18,yes,no,0.21999999999999997,Underweight
1.71,103.28,yes,no,1.67,Normal
1.7,102.78,yes,no,1.98,Overweight
1.83,121.04,yes,no,1.16,Normal
1.85,121.25,yes,no,0.98,Normal
1.77,119.08,yes,no,1.58,Normal
1.79,118.44,yes,no,1.08,Normal
1.85,121.31,yes,no,1.27,Normal
1.87,121.47,yes,no,1.28,Normal
1.82,120.78,yes,no,1.53,Normal
1.82,120.34,yes,no,1.19,Normal
1.61,100.25,yes,no,1.08,Underweight
1.61,100.08,yes,no,0.5,Underweight
1.65,101.14,yes,no,1.89,Overweight
1.65,102.58,yes,no,0.96,Underweight
1.66,105.58,yes,no,0.029999999999999916,Underweight
1.64,101.07,yes,no,0.22999999999999998,Underweight
1.66,104.32,yes,no,0.13,Underweight
1.69,102.6,yes,no,0.17999999999999994,Underweight
1.61,102.09,yes,no,0.04999999999999993,Underweight
1.58,105.06,yes,no,0.0,Underweight
1.79,137.86,yes,no,1.99,Normal
1.8,149.94,yes,no,2.0,Normal
1.66,111.93,yes,no,0.0,Underweight
1.6,105.45,yes,no,0.0,Underweight
1.68,104.95,yes,no,0.20999999999999996,Underweight
1.68,109.9,yes,no,0.14,Underweight
1.66,121.21,yes,no,0.45999999999999996,Normal
1.69,133.76,yes,no,1.93,Normal
1.62,109.96,yes,no,0.0,Underweight
1.58,110.55,yes,no,0.0,Underweight
1.73,131.53,yes,no,1.74,Normal
1.66,114.47,yes,no,0.18999999999999995,Underweight
1.75,127.9,yes,no,0.39,Normal
1.73,152.09,yes,no,0.75,Normal
1.75,133.8,yes,no,1.47,Normal
1.72,114.51,yes,no,0.39,Normal
1.63,111.95,yes,no,0.0,Underweight
1.64,111.87,yes,no,0.0,Underweight
1.65,104.76,yes,no,0.25,Underweight
1.63,107.48,yes,no,0.0,Underweight
1.74,130.93,yes,no,1.46,Normal
1.74,132.53,yes,no,0.97,Normal
1.58,102.0,yes,no,0.010000000000000009,Underweight
1.61,103.03,yes,no,0.16000000000000003,Underweight
1.82,142.1,yes,no,2.0,Normal
1.83,152.72,yes,no,2.0,Normal
1.66,111.99,yes,no,0.0,Underweight
1.64,111.21,yes,no,0.0,Underweight
1.67,104.59,yes,no,0.20999999999999996,Underweight
1.67,104.75,yes,no,0.14,Underweight
1.67,124.7,yes,no,0.79,Normal
1.69,129.77,yes,no,1.72,Normal
1.62,110.68,yes,no,0.0,Underweight
1.64,110.82,yes,no,0.0,Underweight
1.73,135.52,yes,no,1.95,Normal
1.75,133.57,yes,no,1.62,Normal
1.81,138.73,yes,no,0.48,Normal
1.81,155.87,yes,no,0.95,Normal
1.75,133.67,yes,no,1.51,Normal
1.75,133.85,yes,no,1.45,Normal
1.63,111.89,yes,no,0.0,Underweight
1.64,111.82,yes,no,0.0,Underweight
1.64,104.81,yes,no,0.18999999999999995,Underweight
1.62,104.93,yes,no,0.0,Underweight
1.76,133.37,yes,no,1.21,Normal
1.76,133.95,yes,no,1.42,Normal
1.61,102.39,yes,no,0.029999999999999916,Underweight
1.66,102.78,yes,no,0.10999999999999999,Underweight
1.6,104.9,yes,no,0.0,Underweight
1.63,104.99,yes,no,0.16000000000000003,Underweight
1.77,137.04,yes,no,1.7,Normal
1.79,137.77,yes,no,1.51,Normal
1.8,141.17,yes,no,2.0,Normal
1.79,151.98,yes,no,0.83,Normal
1.64,111.94,yes,no,0.0,Underweight
1.64,111.6,yes,no,0.0,Underweight
1.62,105.04,yes,no,0.0,Underweight
1.61,105.42,yes,no,0.0,Underweight
1.63,104.84,yes,no,0.10999999999999999,Underweight
1.68,104.82,yes,no,0.21999999999999997,Underweight
1.66,110.92,yes,no,0.029999999999999916,Underweight
1.66,110.22,yes,no,0.019999999999999907,Underweight
1.67,124.81,yes,no,0.79,Normal
1.71,121.86,yes,no,1.38,Normal
1.75,133.78,yes,no,1.49,Normal
1.71,131.87,yes,no,1.59,Normal
1.62,110.01,yes,no,0.0,Underweight
1.64,110.97,yes,no,0.0,Underweight
1.62,111.27,yes,no,0.0,Underweight
1.62,109.98,yes,no,0.0,Underweight
1.74,132.15,yes,no,1.67,Normal
1.73,132.9,yes,no,1.58,Normal
1.69,114.48,yes,no,0.33000000000000007,Normal
1.64,113.28,yes,no,0.17000000000000004,Underweight
1.75,128.26,yes,no,1.55,Normal
1.75,129.36,yes,no,0.64,Normal
1.75,144.3,yes,no,1.25,Normal
1.75,149.29,yes,no,1.68,Normal
1.74,132.58,yes,no,1.46,Normal
1.75,133.95,yes,no,1.41,Normal
1.69,112.78,yes,no,0.3400000000000001,Normal
1.67,112.88,yes,no,0.36,Underweight
1.63,111.83,yes,no,0.0,Underweight
1.64,111.87,yes,no,0.0,Underweight
1.64,111.54,yes,no,0.0,Underweight
1.65,111.91,yes,no,0.0,Underweight
1.6,105.03,yes,no,0.029999999999999916,Underweight
1.64,105.04,yes,no,0.06999999999999995,Underweight
1.63,106.88,yes,no,0.0,Underweight
1.63,108.27,yes,no,0.08999999999999997,Underweight
1.72,133.47,yes,no,1.49,Normal
1.71,131.27,yes,no,1.68,Normal
1.72,132.94,yes,no,1.27,Normal
1.74,133.49,yes,no,1.34,Normal
1.57,102.0,yes,no,0.0,Underweight
1.58,102.13,yes,no,0.019999999999999907,Underweight
1.78,154.62,yes,no,1.97,Normal
1.79,160.94,yes,no,1.99,Normal
1.66,112.0,yes,no,0.0,Underweight
1.66,111.96,yes,no,0.0,Underweight
1.68,104.59,yes,no,0.28,Underweight
1.68,104.85,yes,no,0.26,Underweight
1.72,127.64,yes,no,0.91,Normal
1.68,125.42,yes,no,0.88,Normal
1.62,110.82,yes,no,0.0,Underweight
1.63,110.8,yes,no,0.0,Underweight
1.75,136.52,yes,no,1.96,Normal
1.78,137.85,yes,no,1.99,Normal
1.81,152.39,yes,no,0.25,Normal
1.8,160.64,yes,no,0.42999999999999994,Normal
1.75,133.55,yes,no,1.54,Normal
1.75,133.84,yes,no,1.46,Normal
1.63,111.59,yes,no,0.0,Underweight
1.64,111.57,yes,no,0.0,Underweight
1.62,104.85,yes,no,0.0,Underweight
1.63,104.92,yes,no,0.0,Underweight
1.76,133.89,yes,no,1.44,Normal
1.76,133.94,yes,no,1.47,Normal
1.61,102.08,yes,no,0.029999999999999916,Underweight
1.61,102.17,yes,no,0.04999999999999993,Underweight
1.62,104.99,yes,no,0.14,Underweight
1.64,104.99,yes,no,0.08999999999999997,Underweight
1.8,138.03,yes,no,1.17,Normal
1.79,137.86,yes,no,1.98,Normal
1.8,151.42,yes,no,1.88,Normal
1.81,152.57,yes,no,2.0,Normal
1.65,111.94,yes,no,0.0,Underweight
1.65,111.92,yes,no,0.0,Underweight
1.66,105.12,yes,no,0.010000000000000009,Underweight
1.63,105.43,yes,no,0.09999999999999998,Underweight
1.67,104.77,yes,no,0.17999999999999994,Underweight
1.64,104.97,yes,no,0.19999999999999996,Underweight
1.66,109.93,yes,no,0.029999999999999916,Underweight
1.64,109.91,yes,no,0.019999999999999907,Underweight
1.68,121.64,yes,no,0.74,Normal
1.66,120.75,yes,no,0.21999999999999997,Underweight
1.71,133.74,yes,no,1.56,Normal
1.72,133.89,yes,no,1.56,Normal
1.62,109.98,yes,no,0.0,Underweight
1.62,110.4,yes,no,0.0,Underweight
1.62,110.78,yes,no,0.0,Underweight
1.6,110.07,yes,no,0.0,Underweight
1.73,131.9,yes,no,1.7,Normal
1.73,131.88,yes,no,1.71,Normal
1.68,114.47,yes,no,0.29000000000000004,Normal
1.64,113.91,yes,no,0.18999999999999995,Underweight
1.74,128.11,yes,no,1.43,Normal
1.74,128.76,yes,no,0.62,Normal
1.79,152.44,yes,no,1.26,Normal
1.81,152.22,yes,no,1.7,Normal
1.74,133.28,yes,no,1.47,Normal
1.75,133.94,yes,no,1.43,Normal
1.71,113.37,yes,no,0.38,Normal
1.69,113.45,yes,no,0.39,Normal
1.64,111.93,yes,no,0.0,Underweight
1.65,111.93,yes,no,0.0,Underweight
1.64,111.86,yes,no,0.0,Underweight
1.64,111.89,yes,no,0.0,Underweight
1.63,104.79,yes,no,0.13,Underweight
1.65,104.79,yes,no,0.15000000000000002,Underweight
1.61,107.01,yes,no,0.0,Underweight
1.63,106.69,yes,no,0.0,Underweight
1.73,131.77,yes,no,1.47,Normal
1.72,131.04,yes,no,1.53,Normal
1.74,132.81,yes,no,1.05,Normal
1.74,133.17,yes,no,1.3,Normal
1.62,102.23,yes,no,0.029999999999999916,Underweight
1.64,102.28,yes,no,0.07999999999999996,Underweight
1.59,102.87,yes,no,0.010000000000000009,Underweight
1.61,102.31,yes,no,0.06999999999999995,Underweight
1.82,141.92,yes,no,1.52,Normal
1.81,140.29,yes,no,1.78,Normal
1.82,152.37,yes,no,1.96,Normal
1.82,151.28,yes,no,2.0,Normal
1.66,111.95,yes,no,0.0,Underweight
1.65,111.95,yes,no,0.0,Underweight
1.62,111.22,yes,no,0.0,Underweight
1.64,111.04,yes,no,0.0,Underweight
1.68,104.76,yes,no,0.21999999999999997,Underweight
1.67,104.59,yes,no,0.20999999999999996,Underweight
1.67,104.7,yes,no,0.26,Underweight
1.67,104.77,yes,no,0.17000000000000004,Underweight
1.7,126.49,yes,no,0.53,Normal
1.73,125.12,yes,no,0.63,Normal
1.71,130.99,yes,no,1.72,Normal
1.72,130.87,yes,no,1.72,Normal
1.62,111.0,yes,no,0.0,Underweight
1.59,110.64,yes,no,0.0,Underweight
1.63,110.82,yes,no,0.0,Underweight
1.62,110.8,yes,no,0.0,Underweight
1.73,134.84,yes,no,1.93,Normal
1.74,135.35,yes,no,1.62,Normal
1.75,133.88,yes,no,1.48,Normal
1.75,133.66,yes,no,1.61,Normal
1.78,137.79,yes,no,1.61,Normal
1.74,135.69,yes,no,1.09,Normal
1.82,153.96,yes,no,1.92,Normal
1.8,155.24,yes,no,1.05,Normal
1.75,133.64,yes,no,1.61,Normal
1.76,133.9,yes,no,1.46,Normal
1.75,133.62,yes,no,1.48,Normal
1.76,133.9,yes,no,1.41,Normal
1.63,111.88,yes,no,0.0,Underweight
1.63,111.93,yes,no,0.0,Underweight
1.64,111.83,yes,no,0.0,Underweight
1.64,111.84,yes,no,0.0,Underweight
1.64,104.81,yes,no,0.06999999999999995,Underweight
1.63,104.88,yes,no,0.16000000000000003,Underweight
1.61,104.94,yes,no,0.0,Underweight
1.62,105.01,yes,no,0.0,Underweight
1.74,133.45,yes,no,1.23,Normal
1.76,133.48,yes,no,1.3,Normal
1.75,133.75,yes,no,1.44,Normal
1.75,133.68,yes,no,1.5,Normal
1.61,102.36,yes,no,0.029999999999999916,Underweight
1.6,102.32,yes,no,0.010000000000000009,Underweight
1.61,102.69,yes,no,0.10999999999999999,Underweight
1.62,102.56,yes,no,0.04999999999999993,Underweight
1.62,104.95,yes,no,0.039999999999999925,Underweight
1.61,104.85,yes,no,0.06999999999999995,Underweight
1.62,105.31,yes,no,0.09999999999999998,Underweight
1.61,105.0,yes,no,0.07999999999999996,Underweight
1.79,138.2,yes,no,0.81,Normal
1.77,138.14,yes,no,1.57,Normal
1.79,137.83,yes,no,1.32,Normal
1.76,137.79,yes,no,1.88,Normal
1.81,141.8,yes,no,2.0,Normal
1.75,142.55,yes,no,1.32,Normal
1.81,153.15,yes,no,0.85,Normal
1.8,152.47,yes,no,0.89,Normal
1.63,111.95,yes,no,0.0,Underweight
1.64,111.95,yes,no,0.0,Underweight
1.64,111.72,yes,no,0.0,Underweight
1.64,111.68,yes,no,0.0,Underweight
1.62,104.95,yes,no,0.0,Underweight
1.64,105.04,yes,no,0.019999999999999907,Underweight
1.61,105.41,yes,no,0.0,Underweight
1.61,105.36,yes,no,0.0,Underweight
1.63,104.84,yes,no,0.039999999999999925,Underweight
1.63,104.84,yes,no,0.019999999999999907,Underweight
1.68,104.81,yes,no,0.19999999999999996,Underweight
1.69,104.77,yes,no,0.22999999999999998,Underweight
1.66,110.93,yes,no,0.019999999999999907,Underweight
1.68,110.62,yes,no,0.10999999999999999,Underweight
1.62,110.11,yes,no,0.010000000000000009,Underweight
1.63,110.07,yes,no,0.010000000000000009,Underweight
1.68,127.43,yes,no,1.43,Normal
1.67,126.09,yes,no,0.92,Normal
1.69,121.89,yes,no,1.09,Normal
1.69,122.81,yes,no,0.93,Normal
1.76,133.87,yes,no,1.43,Normal
1.75,133.26,yes,no,1.56,Normal
1.72,131.57,yes,no,1.66,Normal
1.72,131.93,yes,no,1.65,Normal
1.62,110.0,yes,no,0.0,Underweight
1.62,109.98,yes,no,0.0,Underweight
1.63,111.16,yes,no,0.0,Underweight
1.64,110.92,yes,no,0.0,Underweight
1.63,111.28,yes,no,0.0,Underweight
1.62,111.53,yes,no,0.0,Underweight
1.62,109.98,yes,no,0.0,Underweight
1.59,110.17,yes,no,0.0,Underweight
1.73,132.12,yes,no,1.68,Normal
1.72,132.05,yes,no,1.68,Normal
1.72,132.26,yes,no,1.58,Normal
1.7,133.11,yes,no,1.77,Normal
1.68,114.48,yes,no,0.22999999999999998,Underweight
1.7,114.48,yes,no,0.36,Normal
1.65,113.77,yes,no,0.32000000000000006,Underweight
1.67,112.98,yes,no,0.31000000000000005,Underweight
1.75,128.71,yes,no,0.99,Normal
1.74,126.8,yes,no,1.54,Normal
1.75,128.15,yes,no,0.55,Normal
1.72,129.47,yes,no,1.49,Normal
1.75,147.3,yes,no,1.42,Normal
1.82,142.56,yes,no,1.98,Normal
1.81,150.52,yes,no,1.73,Normal
1.74,150.38,yes,no,1.58,Normal
1.74,133.78,yes,no,1.47,Normal
1.74,133.02,yes,no,1.56,Normal
1.75,133.85,yes,no,1.43,Normal
1.75,133.96,yes,no,1.41,Normal
1.66,113.08,yes,no,0.30000000000000004,Underweight
1.67,112.56,yes,no,0.12,Underweight
1.67,112.25,yes,no,0.039999999999999925,Underweight
1.66,112.1,yes,no,0.26,Underweight
1.63,111.82,yes,no,0.0,Underweight
1.63,111.86,yes,no,0.0,Underweight
1.63,111.88,yes,no,0.0,Underweight
1.64,111.94,yes,no,0.0,Underweight
1.64,111.56,yes,no,0.0,Underweight
1.63,111.36,yes,no,0.0,Underweight
1.65,111.92,yes,no,0.0,Underweight
1.64,111.88,yes,no,0.0,Underweight
1.62,104.95,yes,no,0.0,Underweight
1.63,104.88,yes,no,0.06999999999999995,Underweight
1.63,105.04,yes,no,0.010000000000000009,Underweight
1.61,104.95,yes,no,0.05999999999999994,Underweight
1.63,108.09,yes,no,0.08999999999999997,Underweight
1.63,107.38,yes,no,0.029999999999999916,Underweight
1.63,107.22,yes,no,0.06999999999999995,Underweight
1.63,108.11,yes,no,0.04999999999999993,Underweight
1.72,133.03,yes,no,1.54,Normal
1.73,133.04,yes,no,1.51,Normal
1.73,131.34,yes,no,1.73,Normal
1.71,131.41,yes,no,1.68,Normal
1.75,133.74,yes,no,1.34,Normal
1.75,133.69,yes,no,1.41,Normal
1.74,133.35,yes,no,1.14,Normal
1.74,133.47,yes,no,1.03,Normal
